date,store,product,pred
2024-01-03,S001,P0001,59.72268368858226
2024-01-04,S001,P0001,55.813183029183904
2024-01-05,S001,P0001,50.56020585961833
2024-01-06,S001,P0001,59.77675441329341
2024-01-07,S001,P0001,44.0716196959984
2024-01-08,S001,P0001,59.51597280936989
2024-01-09,S001,P0001,75.54701587041166
2024-01-10,S001,P0001,74.71154198426713
2024-01-11,S001,P0001,94.00393791496606
2024-01-12,S001,P0001,83.53186761015613
2024-01-13,S001,P0001,112.24916378737137
2024-01-14,S001,P0001,72.60749687229175
2024-01-15,S001,P0001,83.68525651678682
2024-01-16,S001,P0001,74.64635978399647
2024-01-17,S001,P0001,82.70814445728693
2024-01-18,S001,P0001,91.53419212557938
2024-01-19,S001,P0001,93.95693035098857
2024-01-20,S001,P0001,90.52431877506545
2024-01-21,S001,P0001,105.72391641577458
2024-01-22,S001,P0001,112.18398158710072
2024-01-23,S001,P0001,74.79974869062717
2024-01-24,S001,P0001,104.6020996250992
2024-01-25,S001,P0001,90.57132633904294
2024-01-26,S001,P0001,83.57887517413361
2024-01-27,S001,P0001,74.49413144771636
2024-01-28,S001,P0001,82.97974316554063
2024-01-29,S001,P0001,83.11886107975624
2024-01-30,S001,P0001,72.21760657910151
2024-01-03,S001,P0002,106.94652988127805
2024-01-04,S001,P0002,83.80586215522017
2024-01-05,S001,P0002,97.3343159098451
2024-01-06,S001,P0002,87.78963383670718
2024-01-07,S001,P0002,105.75810618507406
2024-01-08,S001,P0002,86.20838018535964
2024-01-09,S001,P0002,83.16913267119797
2024-01-10,S001,P0002,82.9663720894531
2024-01-11,S001,P0002,83.15559710721004
2024-01-12,S001,P0002,92.91997925847862
2024-01-13,S001,P0002,99.06841305041124
2024-01-14,S001,P0002,82.64781913885103
2024-01-15,S001,P0002,111.38098216116663
2024-01-16,S001,P0002,105.99905062163131
2024-01-17,S001,P0002,92.9135098918618
2024-01-18,S001,P0002,101.4926355212634
2024-01-19,S001,P0002,83.45656935038694
2024-01-20,S001,P0002,123.39154483830056
2024-01-21,S001,P0002,93.77797947476778
2024-01-22,S001,P0002,100.14516022154116
2024-01-23,S001,P0002,83.45656935038694
2024-01-24,S001,P0002,114.12534503578753
2024-01-25,S001,P0002,119.30983386810493
2024-01-26,S001,P0002,111.56605367249104
2024-01-27,S001,P0002,100.06783244295214
2024-01-28,S001,P0002,92.6857744033717
2024-01-29,S001,P0002,92.6857744033717
2024-01-30,S001,P0002,83.45656935038694
2024-01-03,S001,P0003,110.48615498660575
2024-01-04,S001,P0003,94.98038888251988
2024-01-05,S001,P0003,141.9792605248078
2024-01-06,S001,P0003,122.51600730406591
2024-01-07,S001,P0003,102.07996016984758
2024-01-08,S001,P0003,121.75615869364304
2024-01-09,S001,P0003,101.24754699977596
2024-01-10,S001,P0003,119.77370414920078
2024-01-11,S001,P0003,116.34477727747618
2024-01-12,S001,P0003,108.42329855180168
2024-01-13,S001,P0003,128.06914601020364
2024-01-14,S001,P0003,94.28759641754205
2024-01-15,S001,P0003,108.51195273081372
2024-01-16,S001,P0003,116.42200327039816
2024-01-17,S001,P0003,109.67698250836055
2024-01-18,S001,P0003,117.62048653286506
2024-01-19,S001,P0003,115.55811518809224
2024-01-20,S001,P0003,116.69798714470363
2024-01-21,S001,P0003,110.09682764242963
2024-01-22,S001,P0003,140.88500471288074
2024-01-23,S001,P0003,89.6649589101196
2024-01-24,S001,P0003,124.53376709271261
2024-01-25,S001,P0003,117.85470379568812
2024-01-26,S001,P0003,106.12013659809617
2024-01-27,S001,P0003,89.00573899434949
2024-01-28,S001,P0003,121.55445579470097
2024-01-29,S001,P0003,107.039764541362
2024-01-30,S001,P0003,90.3303327039811
2024-01-03,S001,P0004,44.933305909845494
2024-01-04,S001,P0004,43.45016454192089
2024-01-05,S001,P0004,49.87684834240359
2024-01-06,S001,P0004,44.973844107206155
2024-01-07,S001,P0004,43.67919745818441
2024-01-08,S001,P0004,58.701271341610465
2024-01-09,S001,P0004,74.91113737556817
2024-01-10,S001,P0004,74.08741422269898
2024-01-11,S001,P0004,93.01890875250183
2024-01-12,S001,P0004,105.24867376730506
2024-01-13,S001,P0004,90.26808592600159
2024-01-14,S001,P0004,93.84263190537102
2024-01-15,S001,P0004,84.06275748576785
2024-01-16,S001,P0004,93.64619407344313
2024-01-17,S001,P0004,84.05628811915103
2024-01-18,S001,P0004,112.03502852643174
2024-01-19,S001,P0004,74.71469954364028
2024-01-20,S001,P0004,113.11404787652513
2024-01-21,S001,P0004,105.24867376730506
2024-01-22,S001,P0004,90.75811599835933
2024-01-23,S001,P0004,74.91113737556817
2024-01-24,S001,P0004,84.54647641776673
2024-01-25,S001,P0004,90.10781362951158
2024-01-26,S001,P0004,105.37911167081177
2024-01-27,S001,P0004,75.27662831318115
2024-01-28,S001,P0004,105.41714836735572
2024-01-29,S001,P0004,83.7291429944766
2024-01-30,S001,P0004,75.27662831318115
2024-01-03,S001,P0005,84.79456940147209
2024-01-04,S001,P0005,61.48797335908318
2024-01-05,S001,P0005,94.23821509340982
2024-01-06,S001,P0005,65.63454846510379
2024-01-07,S001,P0005,62.169479058172904
2024-01-08,S001,P0005,65.68155602908128
2024-01-09,S001,P0005,88.53237573769317
2024-01-10,S001,P0005,88.1418240246072
2024-01-11,S001,P0005,87.35833487725507
2024-01-12,S001,P0005,102.98268125306181
2024-01-13,S001,P0005,111.97675626239213
2024-01-14,S001,P0005,88.53237573769317
2024-01-15,S001,P0005,102.15895810019262
2024-01-16,S001,P0005,113.1328313529389
2024-01-17,S001,P0005,104.06005627887954
2024-01-18,S001,P0005,111.86790330922304
2024-01-19,S001,P0005,111.05432872489962
2024-01-20,S001,P0005,139.79427811767434
2024-01-21,S001,P0005,131.02671258653004
2024-01-22,S001,P0005,111.71945416154439
2024-01-23,S001,P0005,88.73513631943804
2024-01-24,S001,P0005,131.16893004030948
2024-01-25,S001,P0005,111.86790330922304
2024-01-26,S001,P0005,130.9855021558892
2024-01-27,S001,P0005,111.70393980943543
2024-01-28,S001,P0005,102.86443556891217
2024-01-29,S001,P0005,102.86443556891217
2024-01-30,S001,P0005,88.53237573769317
2024-01-03,S001,P0006,40.91812731779433
2024-01-04,S001,P0006,32.367079681562345
2024-01-05,S001,P0006,35.90557835392824
2024-01-06,S001,P0006,27.231545906523827
2024-01-07,S001,P0006,28.544804829518213
2024-01-08,S001,P0006,40.652436515506515
2024-01-09,S001,P0006,78.6791942633903
2024-01-10,S001,P0006,75.95848851062543
2024-01-11,S001,P0006,78.79327815661975
2024-01-12,S001,P0006,109.24082529163424
2024-01-13,S001,P0006,90.5847167597303
2024-01-14,S001,P0006,75.85061527366841
2024-01-15,S001,P0006,87.5791684284349
2024-01-16,S001,P0006,77.60982969888109
2024-01-17,S001,P0006,87.5780532473301
2024-01-18,S001,P0006,90.50285943979057
2024-01-19,S001,P0006,75.80360770969092
2024-01-20,S001,P0006,90.53770919575281
2024-01-21,S001,P0006,107.59205631419924
2024-01-22,S001,P0006,92.02351562695088
2024-01-23,S001,P0006,93.15654643517324
2024-01-24,S001,P0006,107.31052217581312
2024-01-25,S001,P0006,112.47759418789386
2024-01-26,S001,P0006,83.21020295587623
2024-01-27,S001,P0006,72.63891484768601
2024-01-28,S001,P0006,107.53201554398515
2024-01-29,S001,P0006,85.5706823646462
2024-01-30,S001,P0006,74.20267930316557
2024-01-03,S001,P0007,85.57284351912725
2024-01-04,S001,P0007,79.62133467752872
2024-01-05,S001,P0007,80.68894177265575
2024-01-06,S001,P0007,67.00854453137971
2024-01-07,S001,P0007,63.04127684880141
2024-01-08,S001,P0007,66.80070726300842
2024-01-09,S001,P0007,90.8009694292233
2024-01-10,S001,P0007,112.35632613435918
2024-01-11,S001,P0007,91.33373859608872
2024-01-12,S001,P0007,106.12914871056844
2024-01-13,S001,P0007,142.45993598831618
2024-01-14,S001,P0007,90.7311350755304
2024-01-15,S001,P0007,106.15961857298234
2024-01-16,S001,P0007,121.66161369249669
2024-01-17,S001,P0007,133.81289399528313
2024-01-18,S001,P0007,115.1232234229316
2024-01-19,S001,P0007,92.5027362511731
2024-01-20,S001,P0007,157.81761960341524
2024-01-21,S001,P0007,113.52576119669108
2024-01-22,S001,P0007,116.6760838755102
2024-01-23,S001,P0007,91.69992224286536
2024-01-24,S001,P0007,101.94693845734244
2024-01-25,S001,P0007,143.7677410626027
2024-01-26,S001,P0007,106.06839217823634
2024-01-27,S001,P0007,113.40480718075763
2024-01-28,S001,P0007,104.8613108069426
2024-01-29,S001,P0007,106.16608793959915
2024-01-30,S001,P0007,90.81522134823916
2024-01-03,S001,P0008,55.42340629567216
2024-01-04,S001,P0008,53.69416947446654
2024-01-05,S001,P0008,60.677366550577766
2024-01-06,S001,P0008,44.23812476141208
2024-01-07,S001,P0008,43.55472604869179
2024-01-08,S001,P0008,44.329351156158076
2024-01-09,S001,P0008,88.2979508030527
2024-01-10,S001,P0008,72.04738420551004
2024-01-11,S001,P0008,88.44016825683215
2024-01-12,S001,P0008,78.35658155075298
2024-01-13,S001,P0008,84.75381342417447
2024-01-14,S001,P0008,72.1896016592895
2024-01-15,S001,P0008,78.49879900453243
2024-01-16,S001,P0008,88.44016825683215
2024-01-17,S001,P0008,95.57685821249581
2024-01-18,S001,P0008,85.10036302323059
2024-01-19,S001,P0008,72.09837526454349
2024-01-20,S001,P0008,85.00319665909417
2024-01-21,S001,P0008,81.51025368087781
2024-01-22,S001,P0008,85.11893243048276
2024-01-23,S001,P0008,88.2979508030527
2024-01-24,S001,P0008,95.68596408701193
2024-01-25,S001,P0008,83.5533153583404
2024-01-26,S001,P0008,78.49879900453243
2024-01-27,S001,P0008,87.10541047244726
2024-01-28,S001,P0008,79.00787766625217
2024-01-29,S001,P0008,79.00787766625217
2024-01-30,S001,P0008,72.0455329224433
2024-01-03,S001,P0009,97.5299740676625
2024-01-04,S001,P0009,93.64440170857696
2024-01-05,S001,P0009,118.43229638338107
2024-01-06,S001,P0009,119.21506241346323
2024-01-07,S001,P0009,101.45466713735924
2024-01-08,S001,P0009,97.30417054790512
2024-01-09,S001,P0009,107.8264350363322
2024-01-10,S001,P0009,88.40853716192046
2024-01-11,S001,P0009,108.37322585016457
2024-01-12,S001,P0009,106.04092487378007
2024-01-13,S001,P0009,123.3707843671997
2024-01-14,S001,P0009,88.78467996886741
2024-01-15,S001,P0009,106.64715673966555
2024-01-16,S001,P0009,107.9398499339984
2024-01-17,S001,P0009,124.55739731128817
2024-01-18,S001,P0009,123.67527738421964
2024-01-19,S001,P0009,88.17038397220686
2024-01-20,S001,P0009,153.4417655190381
2024-01-21,S001,P0009,122.84495647577114
2024-01-22,S001,P0009,111.11054286906152
2024-01-23,S001,P0009,88.9536418153812
2024-01-24,S001,P0009,121.78698863154901
2024-01-25,S001,P0009,115.62937698588966
2024-01-26,S001,P0009,108.82003960265874
2024-01-27,S001,P0009,106.59849380027727
2024-01-28,S001,P0009,103.96563497326625
2024-01-29,S001,P0009,103.71285002587382
2024-01-30,S001,P0009,86.9512875148329
2024-01-03,S001,P0010,31.04691524401086
2024-01-04,S001,P0010,35.95961007284391
2024-01-05,S001,P0010,45.833975388322216
2024-01-06,S001,P0010,30.496375944530712
2024-01-07,S001,P0010,35.95961007284391
2024-01-08,S001,P0010,30.734461711844368
2024-01-09,S001,P0010,60.031161792805634
2024-01-10,S001,P0010,75.91343160114647
2024-01-11,S001,P0010,60.8548849456748
2024-01-12,S001,P0010,67.79274916791209
2024-01-13,S001,P0010,75.2801929640474
2024-01-14,S001,P0010,61.09297071298846
2024-01-15,S001,P0010,67.54296277942302
2024-01-16,S001,P0010,75.91343160114647
2024-01-17,S001,P0010,86.37220660293569
2024-01-18,S001,P0010,76.97442996246771
2024-01-19,S001,P0010,60.863323363243424
2024-01-20,S001,P0010,75.2504834626511
2024-01-21,S001,P0010,86.14598106331104
2024-01-22,S001,P0010,73.97813927184093
2024-01-23,S001,P0010,60.8548849456748
2024-01-24,S001,P0010,86.14598106331104
2024-01-25,S001,P0010,71.73078650966991
2024-01-26,S001,P0010,65.02128986483422
2024-01-27,S001,P0010,75.39882287232986
2024-01-28,S001,P0010,67.9868592408721
2024-01-29,S001,P0010,67.9868592408721
2024-01-30,S001,P0010,57.67917969716326
2024-01-03,S001,P0011,38.359537761671994
2024-01-04,S001,P0011,34.953505883025116
2024-01-05,S001,P0011,44.79693710741851
2024-01-06,S001,P0011,39.23026847851864
2024-01-07,S001,P0011,28.95783610209255
2024-01-08,S001,P0011,31.10453741085877
2024-01-09,S001,P0011,61.779784170756734
2024-01-10,S001,P0011,61.779784170756734
2024-01-11,S001,P0011,79.10712900350198
2024-01-12,S001,P0011,70.39895584193683
2024-01-13,S001,P0011,99.7728837034487
2024-01-14,S001,P0011,61.732776606779254
2024-01-15,S001,P0011,90.35601258023758
2024-01-16,S001,P0011,60.90905345391009
2024-01-17,S001,P0011,89.98789736715707
2024-01-18,S001,P0011,77.57127175616209
2024-01-19,S001,P0011,61.97086237409292
2024-01-20,S001,P0011,99.6923537839159
2024-01-21,S001,P0011,70.39895584193683
2024-01-22,S001,P0011,78.06585216493424
2024-01-23,S001,P0011,61.732776606779254
2024-01-24,S001,P0011,68.95822313563254
2024-01-25,S001,P0011,78.34099116330174
2024-01-26,S001,P0011,70.60891264003367
2024-01-27,S001,P0011,61.01720873876141
2024-01-28,S001,P0011,69.47177175222157
2024-01-29,S001,P0011,70.67409484030432
2024-01-30,S001,P0011,61.171261421850375
2024-01-03,S001,P0012,65.2377578896067
2024-01-04,S001,P0012,62.36425674810421
2024-01-05,S001,P0012,73.12462104631197
2024-01-06,S001,P0012,65.2377578896067
2024-01-07,S001,P0012,80.45348059311004
2024-01-08,S001,P0012,64.98938242387473
2024-01-09,S001,P0012,113.99901910927697
2024-01-10,S001,P0012,90.16108986850756
2024-01-11,S001,P0012,113.29939431023438
2024-01-12,S001,P0012,130.64088072431093
2024-01-13,S001,P0012,138.39117803213213
2024-01-14,S001,P0012,88.38308983168545
2024-01-15,S001,P0012,100.52059424737658
2024-01-16,S001,P0012,91.15938508978519
2024-01-17,S001,P0012,130.46751238641076
2024-01-18,S001,P0012,143.22899254062165
2024-01-19,S001,P0012,90.80077496602051
2024-01-20,S001,P0012,109.0949289562997
2024-01-21,S001,P0012,102.04711691396562
2024-01-22,S001,P0012,143.44247751384904
2024-01-23,S001,P0012,109.63136871572866
2024-01-24,S001,P0012,100.66281170115603
2024-01-25,S001,P0012,139.1086485835126
2024-01-26,S001,P0012,99.94534114977554
2024-01-27,S001,P0012,87.99486724295856
2024-01-28,S001,P0012,100.66281170115603
2024-01-29,S001,P0012,102.08457792608985
2024-01-30,S001,P0012,88.8004462838324
2024-01-03,S001,P0013,27.080941569172914
2024-01-04,S001,P0013,25.91389722662347
2024-01-05,S001,P0013,41.733940652663684
2024-01-06,S001,P0013,27.172167963918913
2024-01-07,S001,P0013,32.44166826913349
2024-01-08,S001,P0013,27.02995051013948
2024-01-09,S001,P0013,93.75243342359306
2024-01-10,S001,P0013,93.15089934986166
2024-01-11,S001,P0013,76.71427647326874
2024-01-12,S001,P0013,85.83303052341451
2024-01-13,S001,P0013,90.41724545780431
2024-01-14,S001,P0013,76.62305007852274
2024-01-15,S001,P0013,85.88402158244796
2024-01-16,S001,P0013,93.00868189608221
2024-01-17,S001,P0013,103.85831908354801
2024-01-18,S001,P0013,90.32601906305831
2024-01-19,S001,P0013,76.62305007852274
2024-01-20,S001,P0013,91.33721329375557
2024-01-21,S001,P0013,85.99775440861542
2024-01-22,S001,P0013,90.14974667751002
2024-01-23,S001,P0013,93.15089934986166
2024-01-24,S001,P0013,86.57678205092536
2024-01-25,S001,P0013,106.66786958084316
2024-01-26,S001,P0013,81.8930023423006
2024-01-27,S001,P0013,89.72801896665992
2024-01-28,S001,P0013,86.50281194543483
2024-01-29,S001,P0013,83.45521488873774
2024-01-30,S001,P0013,78.83161783544634
2024-01-03,S001,P0014,65.42283805508303
2024-01-04,S001,P0014,62.403395354922324
2024-01-05,S001,P0014,94.14205781050228
2024-01-06,S001,P0014,65.33161166033703
2024-01-07,S001,P0014,62.05071411697945
2024-01-08,S001,P0014,65.42283805508303
2024-01-09,S001,P0014,112.95194299683698
2024-01-10,S001,P0014,88.33097170821947
2024-01-11,S001,P0014,89.65459675226936
2024-01-12,S001,P0014,101.60384796425629
2024-01-13,S001,P0014,109.28832386883265
2024-01-14,S001,P0014,88.84234883403178
2024-01-15,S001,P0014,101.46163051047684
2024-01-16,S001,P0014,114.84662522197233
2024-01-17,S001,P0014,101.6643910922217
2024-01-18,S001,P0014,141.1569439501734
2024-01-19,S001,P0014,112.37216626599407
2024-01-20,S001,P0014,141.35970453191828
2024-01-21,S001,P0014,131.09828418557214
2024-01-22,S001,P0014,141.2690187528532
2024-01-23,S001,P0014,88.63188504986833
2024-01-24,S001,P0014,100.9021976151765
2024-01-25,S001,P0014,109.13463943281535
2024-01-26,S001,P0014,101.29274932826247
2024-01-27,S001,P0014,112.90493543285949
2024-01-28,S001,P0014,101.71061276647603
2024-01-29,S001,P0014,101.71061276647603
2024-01-30,S001,P0014,88.93357522877778
2024-01-03,S001,P0015,36.73920992820766
2024-01-04,S001,P0015,26.079355524498652
2024-01-05,S001,P0015,31.116976459546834
2024-01-06,S001,P0015,27.481729737250387
2024-01-07,S001,P0015,33.74045972010925
2024-01-08,S001,P0015,27.133803195505433
2024-01-09,S001,P0015,93.05466678430307
2024-01-10,S001,P0015,74.89706873366664
2024-01-11,S001,P0015,74.89706873366664
2024-01-12,S001,P0015,102.96256940746504
2024-01-13,S001,P0015,109.5230327839272
2024-01-14,S001,P0015,74.89706873366664
2024-01-15,S001,P0015,83.36134759294342
2024-01-16,S001,P0015,74.84215989377711
2024-01-17,S001,P0015,83.30375044535023
2024-01-18,S001,P0015,89.53994838567256
2024-01-19,S001,P0015,74.54914219192167
2024-01-20,S001,P0015,108.41729517414781
2024-01-21,S001,P0015,83.01342105119845
2024-01-22,S001,P0015,89.23953423449882
2024-01-23,S001,P0015,74.94407629764413
2024-01-24,S001,P0015,83.36134759294342
2024-01-25,S001,P0015,89.20888299461024
2024-01-26,S001,P0015,102.96256940746504
2024-01-27,S001,P0015,92.42986963247586
2024-01-28,S001,P0015,103.51107050131205
2024-01-29,S001,P0015,83.78430127764115
2024-01-30,S001,P0015,75.16514194030519
2024-01-03,S001,P0016,65.837049186594
2024-01-04,S001,P0016,60.97901328789664
2024-01-05,S001,P0016,75.31400961881666
2024-01-06,S001,P0016,67.68364028720771
2024-01-07,S001,P0016,76.99694066179973
2024-01-08,S001,P0016,84.81589687518711
2024-01-09,S001,P0016,115.15328835493298
2024-01-10,S001,P0016,115.15328835493298
2024-01-11,S001,P0016,88.14575269000538
2024-01-12,S001,P0016,103.00035491638585
2024-01-13,S001,P0016,140.8394162457498
2024-01-14,S001,P0016,113.0672826017972
2024-01-15,S001,P0016,132.43251184184584
2024-01-16,S001,P0016,113.0672826017972
2024-01-17,S001,P0016,103.00035491638585
2024-01-18,S001,P0016,140.8394162457498
2024-01-19,S001,P0016,88.50079735989993
2024-01-20,S001,P0016,110.56446272273601
2024-01-21,S001,P0016,102.98218028009268
2024-01-22,S001,P0016,109.70717304514623
2024-01-23,S001,P0016,112.8822110904728
2024-01-24,S001,P0016,102.33736406405106
2024-01-25,S001,P0016,110.55586227341368
2024-01-26,S001,P0016,102.1809554690344
2024-01-27,S001,P0016,88.16214535120913
2024-01-28,S001,P0016,102.73324950099928
2024-01-29,S001,P0016,102.7208352679647
2024-01-30,S001,P0016,88.09696315093848
2024-01-03,S001,P0017,27.5383025077668
2024-01-04,S001,P0017,25.94186768249261
2024-01-05,S001,P0017,41.713874770723756
2024-01-06,S001,P0017,27.139149888611104
2024-01-07,S001,P0017,25.94186768249261
2024-01-08,S001,P0017,35.21931447589375
2024-01-09,S001,P0017,74.48126990290608
2024-01-10,S001,P0017,90.5296678962121
2024-01-11,S001,P0017,74.48126990290608
2024-01-12,S001,P0017,81.1683471426197
2024-01-13,S001,P0017,109.60728227946109
2024-01-14,S001,P0017,75.20567201894684
2024-01-15,S001,P0017,81.99207029548889
2024-01-16,S001,P0017,74.33049274948235
2024-01-17,S001,P0017,81.1683471426197
2024-01-18,S001,P0017,88.96312194163177
2024-01-19,S001,P0017,74.68403048465095
2024-01-20,S001,P0017,107.06109399119126
2024-01-21,S001,P0017,100.99226995872553
2024-01-22,S001,P0017,109.8780429984872
2024-01-23,S001,P0017,74.33049274948235
2024-01-24,S001,P0017,100.3117548916636
2024-01-25,S001,P0017,87.25246120471769
2024-01-26,S001,P0017,81.99207029548889
2024-01-27,S001,P0017,90.22467820989026
2024-01-28,S001,P0017,101.466800947082
2024-01-29,S001,P0017,82.78999709826388
2024-01-30,S001,P0017,74.92690697333933
2024-01-03,S001,P0018,65.55022840523104
2024-01-04,S001,P0018,79.15668928647908
2024-01-05,S001,P0018,93.86788392568562
2024-01-06,S001,P0018,66.63575235052691
2024-01-07,S001,P0018,64.98431233661633
2024-01-08,S001,P0018,65.55022840523104
2024-01-09,S001,P0018,89.20411478867317
2024-01-10,S001,P0018,89.97215762894467
2024-01-11,S001,P0018,112.34037791672499
2024-01-12,S001,P0018,127.69987733241788
2024-01-13,S001,P0018,108.30683982927962
2024-01-14,S001,P0018,88.41916954466699
2024-01-15,S001,P0018,100.2588980072916
2024-01-16,S001,P0018,88.27695209088753
2024-01-17,S001,P0018,100.2588980072916
2024-01-18,S001,P0018,108.40837286700295
2024-01-19,S001,P0018,109.57826431790993
2024-01-20,S001,P0018,108.40837286700295
2024-01-21,S001,P0018,100.11668055351215
2024-01-22,S001,P0018,136.00537089267786
2024-01-23,S001,P0018,88.27695209088753
2024-01-24,S001,P0018,100.2588980072916
2024-01-25,S001,P0018,107.48311667641043
2024-01-26,S001,P0018,123.12365325997877
2024-01-27,S001,P0018,109.72048177168938
2024-01-28,S001,P0018,123.94737641284796
2024-01-29,S001,P0018,99.43517485442241
2024-01-30,S001,P0018,88.71391752773933
2024-01-03,S001,P0019,29.649135067353303
2024-01-04,S001,P0019,28.968919632349518
2024-01-05,S001,P0019,41.645384700905495
2024-01-06,S001,P0019,29.704043907242813
2024-01-07,S001,P0019,35.349040496282974
2024-01-08,S001,P0019,36.80624490769834
2024-01-09,S001,P0019,74.63066068380095
2024-01-10,S001,P0019,59.65099358815276
2024-01-11,S001,P0019,59.70590242804227
2024-01-12,S001,P0019,64.22071953632107
2024-01-13,S001,P0019,87.8104069942098
2024-01-14,S001,P0019,59.70590242804227
2024-01-15,S001,P0019,64.22071953632107
2024-01-16,S001,P0019,59.61467603329628
2024-01-17,S001,P0019,64.17371197234358
2024-01-18,S001,P0019,87.7768846386545
2024-01-19,S001,P0019,59.9201978081974
2024-01-20,S001,P0019,72.46935202995904
2024-01-21,S001,P0019,64.17371197234358
2024-01-22,S001,P0019,87.638650679931
2024-01-23,S001,P0019,59.70590242804227
2024-01-24,S001,P0019,79.966426499547
2024-01-25,S001,P0019,86.05449402808686
2024-01-26,S001,P0019,78.6587241567957
2024-01-27,S001,P0019,59.59516617589562
2024-01-28,S001,P0019,64.09974186685305
2024-01-29,S001,P0019,64.13741003047622
2024-01-30,S001,P0019,60.24185537091941
2024-01-03,S001,P0020,30.30423977440626
2024-01-04,S001,P0020,29.198505137460952
2024-01-05,S001,P0020,43.42717149925749
2024-01-06,S001,P0020,38.59663215537268
2024-01-07,S001,P0020,29.198505137460952
2024-01-08,S001,P0020,38.94211061997915
2024-01-09,S001,P0020,60.407759707406456
2024-01-10,S001,P0020,60.64584547472012
2024-01-11,S001,P0020,60.454767271383936
2024-01-12,S001,P0020,66.2645648491885
2024-01-13,S001,P0020,74.67703264849419
2024-01-14,S001,P0020,75.58230601279253
2024-01-15,S001,P0020,66.2645648491885
2024-01-16,S001,P0020,60.64584547472012
2024-01-17,S001,P0020,66.31157241316599
2024-01-18,S001,P0020,91.2085181513591
2024-01-19,S001,P0020,60.64584547472012
2024-01-20,S001,P0020,73.76727012717262
2024-01-21,S001,P0020,83.44506757622909
2024-01-22,S001,P0020,92.86318082773487
2024-01-23,S001,P0020,60.407759707406456
2024-01-24,S001,P0020,83.44506757622909
2024-01-25,S001,P0020,73.2086103484341
2024-01-26,S001,P0020,66.77364351090824
2024-01-27,S001,P0020,60.23529199855598
2024-01-28,S001,P0020,82.67570663271664
2024-01-29,S001,P0020,67.41904074550864
2024-01-30,S001,P0020,60.65703041407903
2024-01-03,S002,P0001,84.0621839318248
2024-01-04,S002,P0001,95.76307153966559
2024-01-05,S002,P0001,65.14473755742236
2024-01-06,S002,P0001,83.84840989187879
2024-01-07,S002,P0001,75.26391026205386
2024-01-08,S002,P0001,95.80759677236915
2024-01-09,S002,P0001,101.9731534667996
2024-01-10,S002,P0001,88.6783448341312
2024-01-11,S002,P0001,114.28331026584503
2024-01-12,S002,P0001,101.7554407033493
2024-01-13,S002,P0001,129.69613837574903
2024-01-14,S002,P0001,101.90415670470166
2024-01-15,S002,P0001,102.05323878311918
2024-01-16,S002,P0001,88.1109171468921
2024-01-17,S002,P0001,101.9731534667996
2024-01-18,S002,P0001,110.74494597664119
2024-01-19,S002,P0001,112.88520108724194
2024-01-20,S002,P0001,110.06126861702765
2024-01-21,S002,P0001,112.83444061831335
2024-01-22,S002,P0001,112.37405455153448
2024-01-23,S002,P0001,88.81117947274456
2024-01-24,S002,P0001,142.7680474139841
2024-01-25,S002,P0001,110.74494597664119
2024-01-26,S002,P0001,111.08722556057751
2024-01-27,S002,P0001,111.08722556057751
2024-01-28,S002,P0001,101.76268968263615
2024-01-29,S002,P0001,88.54821947452216
2024-01-30,S002,P0001,88.25336354582595
2024-01-03,S002,P0002,36.75996183541594
2024-01-04,S002,P0002,32.37434437573871
2024-01-05,S002,P0002,27.8033045658658
2024-01-06,S002,P0002,27.047582607049947
2024-01-07,S002,P0002,42.33473928395225
2024-01-08,S002,P0002,30.276418471361183
2024-01-09,S002,P0002,88.08227528932726
2024-01-10,S002,P0002,78.66855972557957
2024-01-11,S002,P0002,78.52672660940277
2024-01-12,S002,P0002,87.91829589657455
2024-01-13,S002,P0002,87.91829589657455
2024-01-14,S002,P0002,87.45105612557622
2024-01-15,S002,P0002,109.33865678289038
2024-01-16,S002,P0002,102.7025931828087
2024-01-17,S002,P0002,87.58171698691804
2024-01-18,S002,P0002,94.15977150383685
2024-01-19,S002,P0002,79.25112872544354
2024-01-20,S002,P0002,119.25851653747307
2024-01-21,S002,P0002,80.49903671762088
2024-01-22,S002,P0002,79.39296184162033
2024-01-23,S002,P0002,79.48503821672753
2024-01-24,S002,P0002,118.31407762169536
2024-01-25,S002,P0002,120.0607279464189
2024-01-26,S002,P0002,116.87142364201362
2024-01-27,S002,P0002,118.09963072757738
2024-01-28,S002,P0002,88.13780142829518
2024-01-29,S002,P0002,80.36466335045168
2024-01-30,S002,P0002,80.91336789963712
2024-01-03,S002,P0003,66.4496791858823
2024-01-04,S002,P0003,78.44334134760184
2024-01-05,S002,P0003,87.26517085800636
2024-01-06,S002,P0003,82.0638535228791
2024-01-07,S002,P0003,77.02612122722707
2024-01-08,S002,P0003,94.39111288875522
2024-01-09,S002,P0003,103.2337947710887
2024-01-10,S002,P0003,112.58092358940377
2024-01-11,S002,P0003,112.58092358940377
2024-01-12,S002,P0003,101.54567372021975
2024-01-13,S002,P0003,102.24218551622248
2024-01-14,S002,P0003,101.87253107460593
2024-01-15,S002,P0003,102.24218551622248
2024-01-16,S002,P0003,113.56390951177161
2024-01-17,S002,P0003,102.24218551622248
2024-01-18,S002,P0003,110.50456465239569
2024-01-19,S002,P0003,113.01455881626634
2024-01-20,S002,P0003,110.32915265725583
2024-01-21,S002,P0003,88.74048930581972
2024-01-22,S002,P0003,118.09863486856294
2024-01-23,S002,P0003,88.42877922951811
2024-01-24,S002,P0003,138.06042057380233
2024-01-25,S002,P0003,109.53345306638917
2024-01-26,S002,P0003,108.99436883991228
2024-01-27,S002,P0003,105.81441077319269
2024-01-28,S002,P0003,129.24906824574256
2024-01-29,S002,P0003,92.59905873423115
2024-01-30,S002,P0003,89.04747217446346
2024-01-03,S002,P0004,65.61932312945854
2024-01-04,S002,P0004,78.26754932909562
2024-01-05,S002,P0004,65.49513915845158
2024-01-06,S002,P0004,69.42764241531368
2024-01-07,S002,P0004,80.58296381782145
2024-01-08,S002,P0004,100.6899804238943
2024-01-09,S002,P0004,105.41695285741339
2024-01-10,S002,P0004,90.87730747749276
2024-01-11,S002,P0004,117.39366273448222
2024-01-12,S002,P0004,133.13897661841483
2024-01-13,S002,P0004,104.19246892451082
2024-01-14,S002,P0004,133.78060374865348
2024-01-15,S002,P0004,103.91878329079171
2024-01-16,S002,P0004,113.11644904644106
2024-01-17,S002,P0004,103.28560229809902
2024-01-18,S002,P0004,140.91880363840153
2024-01-19,S002,P0004,91.30904075582538
2024-01-20,S002,P0004,146.3312574322314
2024-01-21,S002,P0004,113.64131066804964
2024-01-22,S002,P0004,89.03513971301766
2024-01-23,S002,P0004,89.71253426508093
2024-01-24,S002,P0004,111.02804478759928
2024-01-25,S002,P0004,110.89738392625746
2024-01-26,S002,P0004,141.09188812788696
2024-01-27,S002,P0004,110.26442418114556
2024-01-28,S002,P0004,131.19455852676566
2024-01-29,S002,P0004,90.32398269266795
2024-01-30,S002,P0004,89.78299174690197
2024-01-03,S002,P0005,61.113408200941876
2024-01-04,S002,P0005,50.2800113047817
2024-01-05,S002,P0005,61.175707647868826
2024-01-06,S002,P0005,46.20052309454957
2024-01-07,S002,P0005,50.12676798740374
2024-01-08,S002,P0005,49.98560321185928
2024-01-09,S002,P0005,86.15902354264817
2024-01-10,S002,P0005,76.2003836305997
2024-01-11,S002,P0005,76.7600066190595
2024-01-12,S002,P0005,86.14764945215678
2024-01-13,S002,P0005,86.46031566530576
2024-01-14,S002,P0005,86.15740472185648
2024-01-15,S002,P0005,85.6210341734777
2024-01-16,S002,P0005,99.81906683964756
2024-01-17,S002,P0005,85.6210341734777
2024-01-18,S002,P0005,91.81747817172351
2024-01-19,S002,P0005,98.91618702823139
2024-01-20,S002,P0005,116.48435688459988
2024-01-21,S002,P0005,101.7083444499299
2024-01-22,S002,P0005,76.07850091996976
2024-01-23,S002,P0005,76.36671515521051
2024-01-24,S002,P0005,118.28603904700952
2024-01-25,S002,P0005,92.16739667915027
2024-01-26,S002,P0005,116.3451899707783
2024-01-27,S002,P0005,116.11776896665395
2024-01-28,S002,P0005,86.46471821071393
2024-01-29,S002,P0005,77.26632713119467
2024-01-30,S002,P0005,77.26632713119467
2024-01-03,S002,P0006,97.1074845395754
2024-01-04,S002,P0006,106.97653782336361
2024-01-05,S002,P0006,77.72662573167864
2024-01-06,S002,P0006,78.39923475371722
2024-01-07,S002,P0006,86.58152446090294
2024-01-08,S002,P0006,106.43088619158516
2024-01-09,S002,P0006,83.73378740978363
2024-01-10,S002,P0006,76.3630619958915
2024-01-11,S002,P0006,78.3088895909515
2024-01-12,S002,P0006,111.10912346303233
2024-01-13,S002,P0006,82.96399474383453
2024-01-14,S002,P0006,86.42587081349534
2024-01-15,S002,P0006,85.89274860176418
2024-01-16,S002,P0006,77.79505769804574
2024-01-17,S002,P0006,85.77315382223429
2024-01-18,S002,P0006,89.54869560398457
2024-01-19,S002,P0006,76.65647254842258
2024-01-20,S002,P0006,89.53548130576952
2024-01-21,S002,P0006,95.21808225233809
2024-01-22,S002,P0006,76.30884161774306
2024-01-23,S002,P0006,94.38824413684306
2024-01-24,S002,P0006,112.63073811581874
2024-01-25,S002,P0006,113.59350462977574
2024-01-26,S002,P0006,88.1734696473265
2024-01-27,S002,P0006,88.54130939353081
2024-01-28,S002,P0006,105.87071834313119
2024-01-29,S002,P0006,76.59129034815193
2024-01-30,S002,P0006,76.63829791212942
2024-01-03,S002,P0007,38.35355074801563
2024-01-04,S002,P0007,43.729350758160805
2024-01-05,S002,P0007,28.54243979731687
2024-01-06,S002,P0007,27.998144776843787
2024-01-07,S002,P0007,31.81012618850585
2024-01-08,S002,P0007,31.288453392112032
2024-01-09,S002,P0007,87.48547884684696
2024-01-10,S002,P0007,98.8160178069812
2024-01-11,S002,P0007,75.00986255841998
2024-01-12,S002,P0007,87.5396992249954
2024-01-13,S002,P0007,109.97779077831453
2024-01-14,S002,P0007,87.40456222855536
2024-01-15,S002,P0007,86.41673390144743
2024-01-16,S002,P0007,98.95823526076065
2024-01-17,S002,P0007,110.77872893993799
2024-01-18,S002,P0007,93.13846273553413
2024-01-19,S002,P0007,79.324295962549
2024-01-20,S002,P0007,116.57534714451941
2024-01-21,S002,P0007,78.49781725679453
2024-01-22,S002,P0007,78.49308816039205
2024-01-23,S002,P0007,78.54009572436954
2024-01-24,S002,P0007,90.02211129482542
2024-01-25,S002,P0007,114.75971524541144
2024-01-26,S002,P0007,88.88528906869485
2024-01-27,S002,P0007,117.52983183979269
2024-01-28,S002,P0007,88.46999671711741
2024-01-29,S002,P0007,79.06999966160123
2024-01-30,S002,P0007,79.06999966160123
2024-01-03,S002,P0008,81.90654925729046
2024-01-04,S002,P0008,88.50034989360195
2024-01-05,S002,P0008,79.33444180209497
2024-01-06,S002,P0008,63.49543095697085
2024-01-07,S002,P0008,72.21713022496708
2024-01-08,S002,P0008,72.21713022496708
2024-01-09,S002,P0008,119.76696901630625
2024-01-10,S002,P0008,85.56022990249416
2024-01-11,S002,P0008,106.17536483847103
2024-01-12,S002,P0008,96.4784767580605
2024-01-13,S002,P0008,97.47094506334628
2024-01-14,S002,P0008,96.51158833732383
2024-01-15,S002,P0008,96.4784767580605
2024-01-16,S002,P0008,106.5923606077984
2024-01-17,S002,P0008,118.73111041356897
2024-01-18,S002,P0008,104.91938978526599
2024-01-19,S002,P0008,85.50229069121731
2024-01-20,S002,P0008,105.00753001253592
2024-01-21,S002,P0008,85.04190462443844
2024-01-22,S002,P0008,85.50229069121731
2024-01-23,S002,P0008,108.17105283453158
2024-01-24,S002,P0008,134.9184586880962
2024-01-25,S002,P0008,108.3617366596842
2024-01-26,S002,P0008,106.16556548331066
2024-01-27,S002,P0008,133.47263669930626
2024-01-28,S002,P0008,96.62069421183995
2024-01-29,S002,P0008,85.64450814499676
2024-01-30,S002,P0008,85.64450814499676
2024-01-03,S002,P0009,63.82046414412355
2024-01-04,S002,P0009,73.16144761898406
2024-01-05,S002,P0009,62.53107207293464
2024-01-06,S002,P0009,81.20481610249963
2024-01-07,S002,P0009,71.93634629521218
2024-01-08,S002,P0009,71.93634629521218
2024-01-09,S002,P0009,126.63331074130848
2024-01-10,S002,P0009,86.98858081064179
2024-01-11,S002,P0009,113.82079288908201
2024-01-12,S002,P0009,98.84175213176913
2024-01-13,S002,P0009,98.13746999080101
2024-01-14,S002,P0009,99.67254602610684
2024-01-15,S002,P0009,97.88433409672086
2024-01-16,S002,P0009,114.67376423274831
2024-01-17,S002,P0009,124.10735197435183
2024-01-18,S002,P0009,106.09287351819347
2024-01-19,S002,P0009,86.21372631580346
2024-01-20,S002,P0009,133.92502408193528
2024-01-21,S002,P0009,110.92822487828234
2024-01-22,S002,P0009,85.68215539843192
2024-01-23,S002,P0009,85.44067403587562
2024-01-24,S002,P0009,135.07396570995607
2024-01-25,S002,P0009,107.14156929236042
2024-01-26,S002,P0009,106.09287351819347
2024-01-27,S002,P0009,134.83866732298853
2024-01-28,S002,P0009,97.67090454315857
2024-01-29,S002,P0009,85.90106010265448
2024-01-30,S002,P0009,85.68215539843192
2024-01-03,S002,P0010,63.1389689138146
2024-01-04,S002,P0010,93.93374792038118
2024-01-05,S002,P0010,84.30914906441402
2024-01-06,S002,P0010,65.42452018180387
2024-01-07,S002,P0010,94.86591373895496
2024-01-08,S002,P0010,73.8431896605673
2024-01-09,S002,P0010,102.56839577861768
2024-01-10,S002,P0010,114.48071462282803
2024-01-11,S002,P0010,88.70054675985978
2024-01-12,S002,P0010,99.69815868554696
2024-01-13,S002,P0010,99.70246551376013
2024-01-14,S002,P0010,98.58388643219473
2024-01-15,S002,P0010,99.86420816592438
2024-01-16,S002,P0010,111.65428186465239
2024-01-17,S002,P0010,124.30077154252814
2024-01-18,S002,P0010,109.60011992116792
2024-01-19,S002,P0010,87.0512446772435
2024-01-20,S002,P0010,110.29980667886637
2024-01-21,S002,P0010,112.27833602273161
2024-01-22,S002,P0010,87.23702129079153
2024-01-23,S002,P0010,86.68161262625796
2024-01-24,S002,P0010,141.06118894088172
2024-01-25,S002,P0010,107.37488183176494
2024-01-26,S002,P0010,110.558801465932
2024-01-27,S002,P0010,136.04632368435128
2024-01-28,S002,P0010,98.58388643219473
2024-01-29,S002,P0010,86.68161262625796
2024-01-30,S002,P0010,85.85788947338877
2024-01-03,S002,P0011,82.804596660464
2024-01-04,S002,P0011,99.74392288534081
2024-01-05,S002,P0011,86.57120170849743
2024-01-06,S002,P0011,78.23275113080206
2024-01-07,S002,P0011,73.21475673525211
2024-01-08,S002,P0011,71.97370816702237
2024-01-09,S002,P0011,100.38068904962486
2024-01-10,S002,P0011,88.00185786011998
2024-01-11,S002,P0011,110.36918012315255
2024-01-12,S002,P0011,100.50523494834084
2024-01-13,S002,P0011,127.5291390160322
2024-01-14,S002,P0011,100.35886859657806
2024-01-15,S002,P0011,127.36072593152441
2024-01-16,S002,P0011,86.88262634322093
2024-01-17,S002,P0011,128.04200013363078
2024-01-18,S002,P0011,109.5406871380892
2024-01-19,S002,P0011,83.97345972795384
2024-01-20,S002,P0011,137.9449954525684
2024-01-21,S002,P0011,86.5037371815858
2024-01-22,S002,P0011,87.10005027797973
2024-01-23,S002,P0011,93.43399031586351
2024-01-24,S002,P0011,107.0968168810124
2024-01-25,S002,P0011,108.20332332488248
2024-01-26,S002,P0011,108.20332332488248
2024-01-27,S002,P0011,108.20332332488248
2024-01-28,S002,P0011,99.8484455539748
2024-01-29,S002,P0011,86.5037371815858
2024-01-30,S002,P0011,86.80519434928352
2024-01-03,S002,P0012,45.49835006595701
2024-01-04,S002,P0012,49.10234043234718
2024-01-05,S002,P0012,45.81101627910599
2024-01-06,S002,P0012,44.96214945275
2024-01-07,S002,P0012,63.70334968842217
2024-01-08,S002,P0012,48.819816870297856
2024-01-09,S002,P0012,104.55036859828886
2024-01-10,S002,P0012,76.19480193677693
2024-01-11,S002,P0012,93.78335075155086
2024-01-12,S002,P0012,104.36114358053192
2024-01-13,S002,P0012,104.36114358053192
2024-01-14,S002,P0012,82.48250513145607
2024-01-15,S002,P0012,82.48250513145607
2024-01-16,S002,P0012,75.88213572362795
2024-01-17,S002,P0012,103.78589048293088
2024-01-18,S002,P0012,115.44279938470878
2024-01-19,S002,P0012,77.14740897839128
2024-01-20,S002,P0012,87.653198515737
2024-01-21,S002,P0012,76.19480193677693
2024-01-22,S002,P0012,94.50082130293134
2024-01-23,S002,P0012,94.50082130293134
2024-01-24,S002,P0012,88.84318912635383
2024-01-25,S002,P0012,112.19325020874086
2024-01-26,S002,P0012,89.41273621764375
2024-01-27,S002,P0012,89.49570201640395
2024-01-28,S002,P0012,83.46420708661213
2024-01-29,S002,P0012,76.54033111684521
2024-01-30,S002,P0012,76.96850481281017
2024-01-03,S002,P0013,66.04786239464138
2024-01-04,S002,P0013,75.73401625045442
2024-01-05,S002,P0013,83.40429106161567
2024-01-06,S002,P0013,64.781584539215
2024-01-07,S002,P0013,93.3740791241712
2024-01-08,S002,P0013,74.82017755422075
2024-01-09,S002,P0013,131.05678465965133
2024-01-10,S002,P0013,112.45933397205356
2024-01-11,S002,P0013,89.10875411315902
2024-01-12,S002,P0013,102.9102405587991
2024-01-13,S002,P0013,102.70747997705423
2024-01-14,S002,P0013,102.75847103608768
2024-01-15,S002,P0013,102.70747997705423
2024-01-16,S002,P0013,112.45321900942771
2024-01-17,S002,P0013,130.90845224324607
2024-01-18,S002,P0013,111.98144015128354
2024-01-19,S002,P0013,89.93384695269013
2024-01-20,S002,P0013,110.35902411122395
2024-01-21,S002,P0013,89.01141275578718
2024-01-22,S002,P0013,89.43118126732114
2024-01-23,S002,P0013,112.60155142583301
2024-01-24,S002,P0013,110.1598608990549
2024-01-25,S002,P0013,141.41072492287142
2024-01-26,S002,P0013,110.38502103819006
2024-01-27,S002,P0013,141.41072492287142
2024-01-28,S002,P0013,104.49378263145859
2024-01-29,S002,P0013,94.32963363905405
2024-01-30,S002,P0013,94.05867473360324
2024-01-03,S002,P0014,45.39057999062782
2024-01-04,S002,P0014,50.54256457194446
2024-01-05,S002,P0014,59.70732424498322
2024-01-06,S002,P0014,45.39057999062782
2024-01-07,S002,P0014,49.625435535093935
2024-01-08,S002,P0014,49.860951533165775
2024-01-09,S002,P0014,106.06711057270955
2024-01-10,S002,P0014,76.09779407781005
2024-01-11,S002,P0014,76.0468030187766
2024-01-12,S002,P0014,83.23924622394729
2024-01-13,S002,P0014,82.92658001079832
2024-01-14,S002,P0014,83.23924622394729
2024-01-15,S002,P0014,82.97757106983177
2024-01-16,S002,P0014,97.08753150362226
2024-01-17,S002,P0014,83.12934059254319
2024-01-18,S002,P0014,113.44003216383233
2024-01-19,S002,P0014,97.22974895740171
2024-01-20,S002,P0014,113.31076907254237
2024-01-21,S002,P0014,96.47927546708954
2024-01-22,S002,P0014,97.01342776960391
2024-01-23,S002,P0014,76.16046220864784
2024-01-24,S002,P0014,89.45094430187594
2024-01-25,S002,P0014,88.60646859747621
2024-01-26,S002,P0014,89.50762365161974
2024-01-27,S002,P0014,111.55761907740145
2024-01-28,S002,P0014,83.52239926095987
2024-01-29,S002,P0014,76.68065896548211
2024-01-30,S002,P0014,77.10556478367215
2024-01-03,S002,P0015,108.88443974852255
2024-01-04,S002,P0015,94.32947227021975
2024-01-05,S002,P0015,84.83524281069835
2024-01-06,S002,P0015,84.88021311854088
2024-01-07,S002,P0015,115.67827351637436
2024-01-08,S002,P0015,93.14056812731086
2024-01-09,S002,P0015,107.37314943025739
2024-01-10,S002,P0015,76.80436634519899
2024-01-11,S002,P0015,76.70244994133196
2024-01-12,S002,P0015,107.42015699423487
2024-01-13,S002,P0015,107.31824059036785
2024-01-14,S002,P0015,83.87172587047218
2024-01-15,S002,P0015,84.16474357232761
2024-01-16,S002,P0015,78.62755019902876
2024-01-17,S002,P0015,84.21965241221714
2024-01-18,S002,P0015,90.64546532445112
2024-01-19,S002,P0015,76.70244994133196
2024-01-20,S002,P0015,112.58826841019285
2024-01-21,S002,P0015,76.40943223947653
2024-01-22,S002,P0015,76.70244994133196
2024-01-23,S002,P0015,76.7573587812215
2024-01-24,S002,P0015,90.00955217642606
2024-01-25,S002,P0015,89.6146180707036
2024-01-26,S002,P0015,114.17656595507023
2024-01-27,S002,P0015,113.49364524306768
2024-01-28,S002,P0015,107.31824059036785
2024-01-29,S002,P0015,76.64825290670538
2024-01-30,S002,P0015,78.62917741415902
2024-01-03,S002,P0016,81.77270230561008
2024-01-04,S002,P0016,102.13026850774669
2024-01-05,S002,P0016,83.91393298118152
2024-01-06,S002,P0016,86.14101366556028
2024-01-07,S002,P0016,115.27018809317096
2024-01-08,S002,P0016,110.38463446969662
2024-01-09,S002,P0016,107.8319802386967
2024-01-10,S002,P0016,101.81634439653202
2024-01-11,S002,P0016,77.45780990051993
2024-01-12,S002,P0016,85.63151717750208
2024-01-13,S002,P0016,107.8208670792
2024-01-14,S002,P0016,108.03474082044157
2024-01-15,S002,P0016,107.66445848418334
2024-01-16,S002,P0016,99.92644099279714
2024-01-17,S002,P0016,85.72567057710424
2024-01-18,S002,P0016,114.35753200760293
2024-01-19,S002,P0016,77.45780990051993
2024-01-20,S002,P0016,92.13471672022949
2024-01-21,S002,P0016,77.14514368737096
2024-01-22,S002,P0016,77.52299210079059
2024-01-23,S002,P0016,99.78422353901769
2024-01-24,S002,P0016,92.66451818851823
2024-01-25,S002,P0016,93.10709341832602
2024-01-26,S002,P0016,92.69582117230988
2024-01-27,S002,P0016,93.10709341832602
2024-01-28,S002,P0016,85.19290141023882
2024-01-29,S002,P0016,77.19613474640441
2024-01-30,S002,P0016,77.14514368737096
2024-01-03,S002,P0017,28.041368077796704
2024-01-04,S002,P0017,31.287023466173913
2024-01-05,S002,P0017,36.96191929870038
2024-01-06,S002,P0017,27.796997704309046
2024-01-07,S002,P0017,30.197907831981844
2024-01-08,S002,P0017,40.96736132117478
2024-01-09,S002,P0017,83.81092115743735
2024-01-10,S002,P0017,94.61188965669196
2024-01-11,S002,P0017,76.58546104985255
2024-01-12,S002,P0017,83.92366161431713
2024-01-13,S002,P0017,103.76764356393696
2024-01-14,S002,P0017,83.92366161431713
2024-01-15,S002,P0017,83.7728844608934
2024-01-16,S002,P0017,76.58546104985255
2024-01-17,S002,P0017,83.96169831086108
2024-01-18,S002,P0017,89.09893005319691
2024-01-19,S002,P0017,78.73705608511594
2024-01-20,S002,P0017,113.52375096932123
2024-01-21,S002,P0017,94.56488209271447
2024-01-22,S002,P0017,94.56488209271447
2024-01-23,S002,P0017,76.73623820327629
2024-01-24,S002,P0017,110.18808205410723
2024-01-25,S002,P0017,89.09893005319691
2024-01-26,S002,P0017,88.30531695079914
2024-01-27,S002,P0017,110.7349694598279
2024-01-28,S002,P0017,102.77464572099322
2024-01-29,S002,P0017,77.86905781577714
2024-01-30,S002,P0017,76.65824490978817
2024-01-03,S002,P0018,81.04148024054703
2024-01-04,S002,P0018,103.91259023014467
2024-01-05,S002,P0018,98.38416291572261
2024-01-06,S002,P0018,79.52835782443275
2024-01-07,S002,P0018,88.1048447321718
2024-01-08,S002,P0018,88.1048447321718
2024-01-09,S002,P0018,82.15406726062359
2024-01-10,S002,P0018,74.23960533391315
2024-01-11,S002,P0018,92.61459482777742
2024-01-12,S002,P0018,100.58371274486962
2024-01-13,S002,P0018,83.58172445214116
2024-01-14,S002,P0018,82.6291174105268
2024-01-15,S002,P0018,82.6291174105268
2024-01-16,S002,P0018,75.92022980508055
2024-01-17,S002,P0018,82.36689795325555
2024-01-18,S002,P0018,88.28096179072162
2024-01-19,S002,P0018,93.24509990405453
2024-01-20,S002,P0018,88.48372237246649
2024-01-21,S002,P0018,75.81900186295462
2024-01-22,S002,P0018,92.56359420496479
2024-01-23,S002,P0018,75.86600942693211
2024-01-24,S002,P0018,88.28096179072162
2024-01-25,S002,P0018,87.3557056001291
2024-01-26,S002,P0018,107.29975851800496
2024-01-27,S002,P0018,108.42777529034235
2024-01-28,S002,P0018,101.60316372003989
2024-01-29,S002,P0018,75.50633564980565
2024-01-30,S002,P0018,75.3207278985747
2024-01-03,S002,P0019,87.96768620056416
2024-01-04,S002,P0019,99.25669697985778
2024-01-05,S002,P0019,110.46022541272077
2024-01-06,S002,P0019,91.5749803895002
2024-01-07,S002,P0019,121.03587221492114
2024-01-08,S002,P0019,128.40995053374203
2024-01-09,S002,P0019,110.3324353379797
2024-01-10,S002,P0019,80.12276408389309
2024-01-11,S002,P0019,78.45143227119839
2024-01-12,S002,P0019,86.31586057739614
2024-01-13,S002,P0019,104.83901261553532
2024-01-14,S002,P0019,86.27954302253967
2024-01-15,S002,P0019,86.31586057739614
2024-01-16,S002,P0019,78.55030065956079
2024-01-17,S002,P0019,86.48030910181784
2024-01-18,S002,P0019,113.00952643130664
2024-01-19,S002,P0019,78.59730822353828
2024-01-20,S002,P0019,94.21934997651839
2024-01-21,S002,P0019,78.59730822353828
2024-01-22,S002,P0019,96.50411620588788
2024-01-23,S002,P0019,78.1668497028833
2024-01-24,S002,P0019,118.24765364363154
2024-01-25,S002,P0019,119.86781133972832
2024-01-26,S002,P0019,118.49198214073692
2024-01-27,S002,P0019,95.17950343829025
2024-01-28,S002,P0019,87.67825193840447
2024-01-29,S002,P0019,78.89125181892406
2024-01-30,S002,P0019,78.89125181892406
2024-01-03,S002,P0020,30.681461394192358
2024-01-04,S002,P0020,33.18660246006865
2024-01-05,S002,P0020,38.234243001786545
2024-01-06,S002,P0020,40.18038485058635
2024-01-07,S002,P0020,33.18660246006865
2024-01-08,S002,P0020,45.72537355637838
2024-01-09,S002,P0020,66.29045147832196
2024-01-10,S002,P0020,61.25637732445943
2024-01-11,S002,P0020,61.78794824183097
2024-01-12,S002,P0020,66.07945572118273
2024-01-13,S002,P0020,66.24344391434447
2024-01-14,S002,P0020,85.64864229239343
2024-01-15,S002,P0020,66.07945572118273
2024-01-16,S002,P0020,61.75494053205026
2024-01-17,S002,P0020,66.57801892877356
2024-01-18,S002,P0020,95.39818914399714
2024-01-19,S002,P0020,61.85558524977509
2024-01-20,S002,P0020,74.65727758383056
2024-01-21,S002,P0020,78.93212940602683
2024-01-22,S002,P0020,79.91511532839468
2024-01-23,S002,P0020,61.85558524977509
2024-01-24,S002,P0020,92.40845551002094
2024-01-25,S002,P0020,74.01966447437187
2024-01-26,S002,P0020,73.91796382187852
2024-01-27,S002,P0020,73.613997206647
2024-01-28,S002,P0020,83.83830987798437
2024-01-29,S002,P0020,61.54480465957663
2024-01-30,S002,P0020,62.67507222198696
2024-01-03,S003,P0001,33.490557224508315
2024-01-04,S003,P0001,33.39696400444438
2024-01-05,S003,P0001,31.905948694257688
2024-01-06,S003,P0001,36.23197857338142
2024-01-07,S003,P0001,26.565833654805598
2024-01-08,S003,P0001,34.00562013489062
2024-01-09,S003,P0001,76.47746155956057
2024-01-10,S003,P0001,85.37461073007383
2024-01-11,S003,P0001,112.02067850333617
2024-01-12,S003,P0001,91.56698187963758
2024-01-13,S003,P0001,105.18767155020102
2024-01-14,S003,P0001,85.37461073007383
2024-01-15,S003,P0001,90.82658719380696
2024-01-16,S003,P0001,85.35643609378066
2024-01-17,S003,P0001,76.72063139045986
2024-01-18,S003,P0001,85.46281743643387
2024-01-19,S003,P0001,111.57188707308153
2024-01-20,S003,P0001,90.9752954102778
2024-01-21,S003,P0001,95.61870336287055
2024-01-22,S003,P0001,112.10465623994695
2024-01-23,S003,P0001,85.32776159884598
2024-01-24,S003,P0001,90.6788122463074
2024-01-25,S003,P0001,88.60745536681858
2024-01-26,S003,P0001,75.0508755554099
2024-01-27,S003,P0001,76.47746155956057
2024-01-28,S003,P0001,83.05136740352866
2024-01-29,S003,P0001,72.28139249907048
2024-01-30,S003,P0001,91.68479317539159
2024-01-03,S003,P0002,76.44197436527293
2024-01-04,S003,P0002,61.28358029822824
2024-01-05,S003,P0002,74.51088975415924
2024-01-06,S003,P0002,64.74785827890128
2024-01-07,S003,P0002,76.12952083310644
2024-01-08,S003,P0002,62.019993733389335
2024-01-09,S003,P0002,88.91094096907621
2024-01-10,S003,P0002,103.2322064304135
2024-01-11,S003,P0002,111.22666885713049
2024-01-12,S003,P0002,112.08830175871394
2024-01-13,S003,P0002,104.69179691953302
2024-01-14,S003,P0002,104.65952479527107
2024-01-15,S003,P0002,152.42689578453647
2024-01-16,S003,P0002,131.9270468980205
2024-01-17,S003,P0002,95.26561059011429
2024-01-18,S003,P0002,104.02761944315564
2024-01-19,S003,P0002,115.11582536360633
2024-01-20,S003,P0002,145.47253386039125
2024-01-21,S003,P0002,95.1619358711436
2024-01-22,S003,P0002,111.09259778769378
2024-01-23,S003,P0002,103.21962210117084
2024-01-24,S003,P0002,111.57912967562098
2024-01-25,S003,P0002,139.40113626288328
2024-01-26,S003,P0002,111.77397544827241
2024-01-27,S003,P0002,111.77397544827241
2024-01-28,S003,P0002,102.66952142941787
2024-01-29,S003,P0002,88.62680866718401
2024-01-30,S003,P0002,110.15578636252107
2024-01-03,S003,P0003,46.785752605953164
2024-01-04,S003,P0003,49.42391992187798
2024-01-05,S003,P0003,71.84447949366232
2024-01-06,S003,P0003,62.2127794713298
2024-01-07,S003,P0003,46.64871106892651
2024-01-08,S003,P0003,62.2421031702129
2024-01-09,S003,P0003,90.51331295253036
2024-01-10,S003,P0003,116.29149566568098
2024-01-11,S003,P0003,128.42703056885264
2024-01-12,S003,P0003,99.80080231971017
2024-01-13,S003,P0003,95.2917022426206
2024-01-14,S003,P0003,94.90492965491069
2024-01-15,S003,P0003,102.39095832014522
2024-01-16,S003,P0003,116.77882621124652
2024-01-17,S003,P0003,85.0068012671042
2024-01-18,S003,P0003,96.99822054637181
2024-01-19,S003,P0003,121.7095641660618
2024-01-20,S003,P0003,99.26095488702319
2024-01-21,S003,P0003,84.91557487235819
2024-01-22,S003,P0003,124.25609644195599
2024-01-23,S003,P0003,95.18319798650516
2024-01-24,S003,P0003,104.62437812466239
2024-01-25,S003,P0003,99.59141624399965
2024-01-26,S003,P0003,86.3461673627793
2024-01-27,S003,P0003,85.08515302621255
2024-01-28,S003,P0003,114.92110094866273
2024-01-29,S003,P0003,85.08515302621255
2024-01-30,S003,P0003,97.99576592180877
2024-01-03,S003,P0004,62.54644443396711
2024-01-04,S003,P0004,64.21661475063718
2024-01-05,S003,P0004,74.70701665569263
2024-01-06,S003,P0004,65.52658323779383
2024-01-07,S003,P0004,61.92935262582686
2024-01-08,S003,P0004,81.37719983246153
2024-01-09,S003,P0004,91.87071548437588
2024-01-10,S003,P0004,103.46764434207789
2024-01-11,S003,P0004,147.1887677890021
2024-01-12,S003,P0004,147.09138053786842
2024-01-13,S003,P0004,103.19286240643432
2024-01-14,S003,P0004,133.88265305245636
2024-01-15,S003,P0004,111.07690167915518
2024-01-16,S003,P0004,134.14514333883065
2024-01-17,S003,P0004,91.75461225939762
2024-01-18,S003,P0004,132.52347112759972
2024-01-19,S003,P0004,112.24671950001827
2024-01-20,S003,P0004,146.6479089757697
2024-01-21,S003,P0004,117.31528798845535
2024-01-22,S003,P0004,118.78600601953056
2024-01-23,S003,P0004,109.0647258714878
2024-01-24,S003,P0004,90.93326548977068
2024-01-25,S003,P0004,113.20630834032738
2024-01-26,S003,P0004,113.41703448754419
2024-01-27,S003,P0004,89.10937099141549
2024-01-28,S003,P0004,132.15927384471726
2024-01-29,S003,P0004,89.54983140335675
2024-01-30,S003,P0004,109.97148213030694
2024-01-03,S003,P0005,35.89948251766352
2024-01-04,S003,P0005,27.89567542671856
2024-01-05,S003,P0005,46.373377122705506
2024-01-06,S003,P0005,27.717839213076026
2024-01-07,S003,P0005,26.77175783769393
2024-01-08,S003,P0005,27.447414740522934
2024-01-09,S003,P0005,78.71720227404234
2024-01-10,S003,P0005,88.82753986408098
2024-01-11,S003,P0005,94.06516930771672
2024-01-12,S003,P0005,94.00332391852511
2024-01-13,S003,P0005,88.82753986408098
2024-01-14,S003,P0005,88.42752599203156
2024-01-15,S003,P0005,93.87304940713963
2024-01-16,S003,P0005,111.79725098647882
2024-01-17,S003,P0005,78.20973141736621
2024-01-18,S003,P0005,88.64411197966068
2024-01-19,S003,P0005,116.10598812840361
2024-01-20,S003,P0005,116.89645014510813
2024-01-21,S003,P0005,98.81410027095468
2024-01-22,S003,P0005,92.45788437566179
2024-01-23,S003,P0005,88.68532241030152
2024-01-24,S003,P0005,97.0861271377956
2024-01-25,S003,P0005,89.12872255921052
2024-01-26,S003,P0005,97.51738636480152
2024-01-27,S003,P0005,95.93802039544292
2024-01-28,S003,P0005,86.0489827656063
2024-01-29,S003,P0005,76.91017388616807
2024-01-30,S003,P0005,94.45300681608497
2024-01-03,S003,P0006,33.96140445578984
2024-01-04,S003,P0006,33.15167812339545
2024-01-05,S003,P0006,33.11704944030491
2024-01-06,S003,P0006,29.421619715103226
2024-01-07,S003,P0006,27.479084221762534
2024-01-08,S003,P0006,33.15167812339545
2024-01-09,S003,P0006,77.25995347212925
2024-01-10,S003,P0006,85.22649734430392
2024-01-11,S003,P0006,91.18834924254924
2024-01-12,S003,P0006,116.40019286332138
2024-01-13,S003,P0006,85.22649734430392
2024-01-14,S003,P0006,85.93822052613376
2024-01-15,S003,P0006,91.08831728631634
2024-01-16,S003,P0006,86.05022049717311
2024-01-17,S003,P0006,77.26636219236896
2024-01-18,S003,P0006,85.93822052613376
2024-01-19,S003,P0006,90.29944388940939
2024-01-20,S003,P0006,91.53975759340327
2024-01-21,S003,P0006,97.25005418731449
2024-01-22,S003,P0006,89.09816453150077
2024-01-23,S003,P0006,108.99549779177755
2024-01-24,S003,P0006,95.48741211969067
2024-01-25,S003,P0006,112.85999634535226
2024-01-26,S003,P0006,77.25133758609262
2024-01-27,S003,P0006,77.25133758609262
2024-01-28,S003,P0006,107.30868517144712
2024-01-29,S003,P0006,77.18615538582196
2024-01-30,S003,P0006,91.79504652503401
2024-01-03,S003,P0007,77.74660070905338
2024-01-04,S003,P0007,77.74660070905338
2024-01-05,S003,P0007,76.3426207718468
2024-01-06,S003,P0007,66.10964555254608
2024-01-07,S003,P0007,62.076118101508804
2024-01-08,S003,P0007,63.72003717901599
2024-01-09,S003,P0007,93.31956730505811
2024-01-10,S003,P0007,133.86922521785993
2024-01-11,S003,P0007,114.19765818672622
2024-01-12,S003,P0007,113.95412602943864
2024-01-13,S003,P0007,130.63822891687573
2024-01-14,S003,P0007,105.24647056873634
2024-01-15,S003,P0007,118.13709376147938
2024-01-16,S003,P0007,131.06334062532142
2024-01-17,S003,P0007,115.23623140455118
2024-01-18,S003,P0007,105.1491445148731
2024-01-19,S003,P0007,111.14230108535115
2024-01-20,S003,P0007,141.95070492426416
2024-01-21,S003,P0007,89.15945667984958
2024-01-22,S003,P0007,114.22747645919917
2024-01-23,S003,P0007,105.22330812763984
2024-01-24,S003,P0007,94.11729175629246
2024-01-25,S003,P0007,143.22871611269753
2024-01-26,S003,P0007,90.24789658269496
2024-01-27,S003,P0007,112.59864541277939
2024-01-28,S003,P0007,99.98107607848
2024-01-29,S003,P0007,93.4027040077776
2024-01-30,S003,P0007,112.70397157198191
2024-01-03,S003,P0008,98.46637530651931
2024-01-04,S003,P0008,97.77616889674732
2024-01-05,S003,P0008,112.42307832252959
2024-01-06,S003,P0008,84.21870667329401
2024-01-07,S003,P0008,79.69927659637341
2024-01-08,S003,P0008,80.64297515259797
2024-01-09,S003,P0008,93.64811658490862
2024-01-10,S003,P0008,83.93549693432877
2024-01-11,S003,P0008,110.39662858825422
2024-01-12,S003,P0008,92.0910005949553
2024-01-13,S003,P0008,83.93549693432877
2024-01-14,S003,P0008,83.93549693432877
2024-01-15,S003,P0008,90.1885797134615
2024-01-16,S003,P0008,103.12394005553324
2024-01-17,S003,P0008,94.09324867516499
2024-01-18,S003,P0008,83.60767172931837
2024-01-19,S003,P0008,90.03035565716837
2024-01-20,S003,P0008,91.27945537462442
2024-01-21,S003,P0008,77.41125562800018
2024-01-22,S003,P0008,91.28837952538234
2024-01-23,S003,P0008,106.39945110624089
2024-01-24,S003,P0008,93.29637425628718
2024-01-25,S003,P0008,89.94221542989844
2024-01-26,S003,P0008,76.11755397488002
2024-01-27,S003,P0008,93.46250883367767
2024-01-28,S003,P0008,86.09669728386692
2024-01-29,S003,P0008,75.76219437973259
2024-01-30,S003,P0008,90.03035565716837
2024-01-03,S003,P0009,61.10893181578277
2024-01-04,S003,P0009,61.421385347949254
2024-01-05,S003,P0009,74.02034656210539
2024-01-06,S003,P0009,85.08971005508296
2024-01-07,S003,P0009,62.73804016579431
2024-01-08,S003,P0009,63.7615241074088
2024-01-09,S003,P0009,113.12990381638437
2024-01-10,S003,P0009,99.41165173056689
2024-01-11,S003,P0009,139.43149367598627
2024-01-12,S003,P0009,110.30421686144169
2024-01-13,S003,P0009,100.7809148240967
2024-01-14,S003,P0009,98.61331781707278
2024-01-15,S003,P0009,107.89839446079017
2024-01-16,S003,P0009,127.43828794634943
2024-01-17,S003,P0009,109.43940839653428
2024-01-18,S003,P0009,97.58271090648603
2024-01-19,S003,P0009,106.54043038380946
2024-01-20,S003,P0009,132.35479858920363
2024-01-21,S003,P0009,109.65831310075684
2024-01-22,S003,P0009,106.80059961760334
2024-01-23,S003,P0009,97.36380620226346
2024-01-24,S003,P0009,109.34217820930589
2024-01-25,S003,P0009,106.19929196574172
2024-01-26,S003,P0009,86.05207284245209
2024-01-27,S003,P0009,109.30710701204194
2024-01-28,S003,P0009,97.61189671180543
2024-01-29,S003,P0009,86.08714403971604
2024-01-30,S003,P0009,106.70693411871716
2024-01-03,S003,P0010,61.708040668574874
2024-01-04,S003,P0010,76.41697229755448
2024-01-05,S003,P0010,92.02572863722617
2024-01-06,S003,P0010,63.5284814499708
2024-01-07,S003,P0010,76.72942582972097
2024-01-08,S003,P0010,61.35450293340626
2024-01-09,S003,P0010,86.96929800846009
2024-01-10,S003,P0010,125.04312153257527
2024-01-11,S003,P0010,108.98954236827035
2024-01-12,S003,P0010,109.00771700456352
2024-01-13,S003,P0010,100.01921014485077
2024-01-14,S003,P0010,100.0010355085576
2024-01-15,S003,P0010,108.71442803468517
2024-01-16,S003,P0010,121.51887368928725
2024-01-17,S003,P0010,109.08281455494229
2024-01-18,S003,P0010,99.96986554116343
2024-01-19,S003,P0010,107.91518522865529
2024-01-20,S003,P0010,108.94253480429286
2024-01-21,S003,P0010,107.5217830296238
2024-01-22,S003,P0010,105.64216567454511
2024-01-23,S003,P0010,100.19211371189377
2024-01-24,S003,P0010,108.35126658575159
2024-01-25,S003,P0010,110.69309435797125
2024-01-26,S003,P0010,86.73732720377228
2024-01-27,S003,P0010,108.03715415132305
2024-01-28,S003,P0010,99.95978834783871
2024-01-29,S003,P0010,85.91936445416168
2024-01-30,S003,P0010,108.72018843794376
2024-01-03,S003,P0011,68.99261250608993
2024-01-04,S003,P0011,63.19911831970475
2024-01-05,S003,P0011,72.97946787203668
2024-01-06,S003,P0011,61.62727565879027
2024-01-07,S003,P0011,46.56517838007023
2024-01-08,S003,P0011,46.80326414738389
2024-01-09,S003,P0011,82.99333122042773
2024-01-10,S003,P0011,93.26664854994745
2024-01-11,S003,P0011,123.0331848905926
2024-01-12,S003,P0011,96.27178582456321
2024-01-13,S003,P0011,112.6997282098622
2024-01-14,S003,P0011,93.26664854994745
2024-01-15,S003,P0011,123.0331848905926
2024-01-16,S003,P0011,92.92688352621502
2024-01-17,S003,P0011,101.78868055152536
2024-01-18,S003,P0011,93.3821005178024
2024-01-19,S003,P0011,98.18902506123587
2024-01-20,S003,P0011,127.42560781916933
2024-01-21,S003,P0011,82.78024508910391
2024-01-22,S003,P0011,100.84436326194157
2024-01-23,S003,P0011,92.98838021835297
2024-01-24,S003,P0011,85.03810416631507
2024-01-25,S003,P0011,98.18902506123587
2024-01-26,S003,P0011,84.97292196604441
2024-01-27,S003,P0011,82.4622087557812
2024-01-28,S003,P0011,92.94505816250819
2024-01-29,S003,P0011,84.26802869947001
2024-01-30,S003,P0011,97.93206805206644
2024-01-03,S003,P0012,29.386840120971996
2024-01-04,S003,P0012,29.277734246455907
2024-01-05,S003,P0012,34.29806325888853
2024-01-06,S003,P0012,30.833938447965657
2024-01-07,S003,P0012,35.90243585673915
2024-01-08,S003,P0012,29.386840120971996
2024-01-09,S003,P0012,77.3570407020185
2024-01-10,S003,P0012,66.73626090216749
2024-01-11,S003,P0012,95.02205055440366
2024-01-12,S003,P0012,94.12476758812123
2024-01-13,S003,P0012,86.68130104710701
2024-01-14,S003,P0012,66.99405732043745
2024-01-15,S003,P0012,74.92278973414142
2024-01-16,S003,P0012,66.73626090216749
2024-01-17,S003,P0012,76.882681318125
2024-01-18,S003,P0012,85.44246354785554
2024-01-19,S003,P0012,74.58278169180844
2024-01-20,S003,P0012,74.24783505846136
2024-01-21,S003,P0012,62.00986938398916
2024-01-22,S003,P0012,95.59086542891205
2024-01-23,S003,P0012,87.18279457697653
2024-01-24,S003,P0012,62.00986938398916
2024-01-25,S003,P0012,94.14494249271348
2024-01-26,S003,P0012,62.13559902504221
2024-01-27,S003,P0012,62.285008382356644
2024-01-28,S003,P0012,67.44945046912835
2024-01-29,S003,P0012,62.13559902504221
2024-01-30,S003,P0012,75.95545149714097
2024-01-03,S003,P0013,61.48009522983496
2024-01-04,S003,P0013,62.36041632164331
2024-01-05,S003,P0013,95.98881013427327
2024-01-06,S003,P0013,64.82050008380189
2024-01-07,S003,P0013,76.0781460278851
2024-01-08,S003,P0013,61.473980267209114
2024-01-09,S003,P0013,112.70244408858255
2024-01-10,S003,P0013,131.34401647989696
2024-01-11,S003,P0013,110.35852897819062
2024-01-12,S003,P0013,110.56128955993549
2024-01-13,S003,P0013,102.8099434826852
2024-01-14,S003,P0013,102.75895242365175
2024-01-15,S003,P0013,110.35852897819062
2024-01-16,S003,P0013,131.31354661748313
2024-01-17,S003,P0013,110.34934776193802
2024-01-18,S003,P0013,102.75895242365175
2024-01-19,S003,P0013,110.47060378087045
2024-01-20,S003,P0013,110.35852897819062
2024-01-21,S003,P0013,89.04158639504688
2024-01-22,S003,P0013,110.35852897819062
2024-01-23,S003,P0013,131.94555055362838
2024-01-24,S003,P0013,89.04158639504688
2024-01-25,S003,P0013,140.6356670680292
2024-01-26,S003,P0013,89.78533792255773
2024-01-27,S003,P0013,113.98126705629224
2024-01-28,S003,P0013,102.7650673862776
2024-01-29,S003,P0013,90.23191329712483
2024-01-30,S003,P0013,110.11235820204409
2024-01-03,S003,P0014,64.06007140584178
2024-01-04,S003,P0014,63.24066149263687
2024-01-05,S003,P0014,94.78531077943386
2024-01-06,S003,P0014,65.56083314043951
2024-01-07,S003,P0014,61.58588375712283
2024-01-08,S003,P0014,62.34519301904252
2024-01-09,S003,P0014,115.7133910203405
2024-01-10,S003,P0014,100.90045293260005
2024-01-11,S003,P0014,116.52774622669175
2024-01-12,S003,P0014,113.91249973213067
2024-01-13,S003,P0014,104.56541050411155
2024-01-14,S003,P0014,105.1141338167721
2024-01-15,S003,P0014,110.56681458391274
2024-01-16,S003,P0014,132.50038898423588
2024-01-17,S003,P0014,88.75695838810282
2024-01-18,S003,P0014,131.81236855486554
2024-01-19,S003,P0014,145.92354380917044
2024-01-20,S003,P0014,159.44013704257515
2024-01-21,S003,P0014,120.5411244951595
2024-01-22,S003,P0014,141.50124260487755
2024-01-23,S003,P0014,106.47320726471628
2024-01-24,S003,P0014,88.67448316292084
2024-01-25,S003,P0014,107.80068019057474
2024-01-26,S003,P0014,89.61665172957038
2024-01-27,S003,P0014,113.82447333323232
2024-01-28,S003,P0014,100.16973112289065
2024-01-29,S003,P0014,89.31197488772138
2024-01-30,S003,P0014,107.5834036078239
2024-01-03,S003,P0015,80.15967374143926
2024-01-04,S003,P0015,60.6300695769301
2024-01-05,S003,P0015,73.07935647948507
2024-01-06,S003,P0015,64.12673919858082
2024-01-07,S003,P0015,77.74632467047115
2024-01-08,S003,P0015,62.340061573936225
2024-01-09,S003,P0015,112.55340812288881
2024-01-10,S003,P0015,98.50471965784494
2024-01-11,S003,P0015,106.33536227806611
2024-01-12,S003,P0015,139.21766102235992
2024-01-13,S003,P0015,129.114366643557
2024-01-14,S003,P0015,98.44981081795541
2024-01-15,S003,P0015,107.55238333645309
2024-01-16,S003,P0015,96.99918418730933
2024-01-17,S003,P0015,90.51834015849566
2024-01-18,S003,P0015,98.66027460211886
2024-01-19,S003,P0015,106.9799186110107
2024-01-20,S003,P0015,139.61067467000976
2024-01-21,S003,P0015,88.47803725007628
2024-01-22,S003,P0015,107.38365089609036
2024-01-23,S003,P0015,98.7151834420084
2024-01-24,S003,P0015,85.54743355644906
2024-01-25,S003,P0015,106.63199206926573
2024-01-26,S003,P0015,114.49114720990129
2024-01-27,S003,P0015,111.48043997240303
2024-01-28,S003,P0015,129.4662740641339
2024-01-29,S003,P0015,93.9976047513113
2024-01-30,S003,P0015,112.78977722680342
2024-01-03,S003,P0016,50.01108359442388
2024-01-04,S003,P0016,50.929991434652315
2024-01-05,S003,P0016,51.853281503496625
2024-01-06,S003,P0016,48.71590872233841
2024-01-07,S003,P0016,58.10702670155036
2024-01-08,S003,P0016,58.82625307503413
2024-01-09,S003,P0016,102.14116587516386
2024-01-10,S003,P0016,114.06676828111537
2024-01-11,S003,P0016,97.60740451181432
2024-01-12,S003,P0016,97.60740451181432
2024-01-13,S003,P0016,113.8823450660993
2024-01-14,S003,P0016,114.0242742833407
2024-01-15,S003,P0016,120.12673413763812
2024-01-16,S003,P0016,114.11377584509286
2024-01-17,S003,P0016,83.39161788497746
2024-01-18,S003,P0016,113.92455082733592
2024-01-19,S003,P0016,97.60740451181432
2024-01-20,S003,P0016,97.414645079345
2024-01-21,S003,P0016,83.2352092899608
2024-01-22,S003,P0016,97.57105367436165
2024-01-23,S003,P0016,131.03295116727554
2024-01-24,S003,P0016,85.17441935966438
2024-01-25,S003,P0016,97.57105367436165
2024-01-26,S003,P0016,86.52110548245719
2024-01-27,S003,P0016,85.14148544487051
2024-01-28,S003,P0016,93.30612324884875
2024-01-29,S003,P0016,86.76531701040672
2024-01-30,S003,P0016,96.38757387006115
2024-01-03,S003,P0017,29.47108276403504
2024-01-04,S003,P0017,29.011953579441368
2024-01-05,S003,P0017,44.71075755619171
2024-01-06,S003,P0017,30.63852014261601
2024-01-07,S003,P0017,28.496582457742132
2024-01-08,S003,P0017,36.03277867672637
2024-01-09,S003,P0017,62.11731851489215
2024-01-10,S003,P0017,87.25699386603961
2024-01-11,S003,P0017,74.37461380780502
2024-01-12,S003,P0017,74.30903683657536
2024-01-13,S003,P0017,86.36131655756168
2024-01-14,S003,P0017,67.00209965325111
2024-01-15,S003,P0017,74.30903683657536
2024-01-16,S003,P0017,67.00209965325111
2024-01-17,S003,P0017,62.01354892544589
2024-01-18,S003,P0017,67.15287680667484
2024-01-19,S003,P0017,75.7983675844924
2024-01-20,S003,P0017,95.28858328988217
2024-01-21,S003,P0017,78.22807061747292
2024-01-22,S003,P0017,95.38168349305319
2024-01-23,S003,P0017,67.00209965325111
2024-01-24,S003,P0017,78.22807061747292
2024-01-25,S003,P0017,73.89757037574587
2024-01-26,S003,P0017,61.54745307815182
2024-01-27,S003,P0017,79.10451077173268
2024-01-28,S003,P0017,86.83584754591816
2024-01-29,S003,P0017,61.58512124177498
2024-01-30,S003,P0017,74.93985899456307
2024-01-03,S003,P0018,28.74422155451642
2024-01-04,S003,P0018,35.86290971398573
2024-01-05,S003,P0018,42.58593127742903
2024-01-06,S003,P0018,31.015043034379257
2024-01-07,S003,P0018,29.425727253606162
2024-01-08,S003,P0018,28.74422155451642
2024-01-09,S003,P0018,61.86787128941682
2024-01-10,S003,P0018,66.13306654623766
2024-01-11,S003,P0018,91.78616870952173
2024-01-12,S003,P0018,91.78616870952173
2024-01-13,S003,P0018,66.47713976563291
2024-01-14,S003,P0018,66.88281959361632
2024-01-15,S003,P0018,74.19999819426195
2024-01-16,S003,P0018,66.73283835763353
2024-01-17,S003,P0018,61.72565383563738
2024-01-18,S003,P0018,66.95678969910685
2024-01-19,S003,P0018,91.78616870952173
2024-01-20,S003,P0018,74.2637268824311
2024-01-21,S003,P0018,61.86787128941682
2024-01-22,S003,P0018,91.78616870952173
2024-01-23,S003,P0018,66.95678969910685
2024-01-24,S003,P0018,61.75713503727017
2024-01-25,S003,P0018,74.15299063028446
2024-01-26,S003,P0018,78.32432437718792
2024-01-27,S003,P0018,78.32432437718792
2024-01-28,S003,P0018,83.76224306259166
2024-01-29,S003,P0018,61.62145702547263
2024-01-30,S003,P0018,74.40749790145614
2024-01-03,S003,P0019,62.41443758996282
2024-01-04,S003,P0019,64.12024901841751
2024-01-05,S003,P0019,94.64398055142608
2024-01-06,S003,P0019,63.79713257010427
2024-01-07,S003,P0019,75.20741154779114
2024-01-08,S003,P0019,75.20741154779114
2024-01-09,S003,P0019,106.86047923359432
2024-01-10,S003,P0019,98.10071260611741
2024-01-11,S003,P0019,108.194373227894
2024-01-12,S003,P0019,107.40143844826267
2024-01-13,S003,P0019,118.59762914392002
2024-01-14,S003,P0019,98.11859208588753
2024-01-15,S003,P0019,107.93712412755977
2024-01-16,S003,P0019,98.21593344325937
2024-01-17,S003,P0019,86.92371069490359
2024-01-18,S003,P0019,119.0629523622258
2024-01-19,S003,P0019,107.45818229434774
2024-01-20,S003,P0019,108.34234346872508
2024-01-21,S003,P0019,86.92371069490359
2024-01-22,S003,P0019,131.64273935385793
2024-01-23,S003,P0019,98.71158384414741
2024-01-24,S003,P0019,107.0992095114286
2024-01-25,S003,P0019,130.89681213820407
2024-01-26,S003,P0019,108.83696408832517
2024-01-27,S003,P0019,87.91384277338344
2024-01-28,S003,P0019,98.80281023889341
2024-01-29,S003,P0019,87.31567720157088
2024-01-30,S003,P0019,107.33805015106753
2024-01-03,S003,P0020,81.4966499854891
2024-01-04,S003,P0020,82.01581317034716
2024-01-05,S003,P0020,120.35204645114571
2024-01-06,S003,P0020,109.60288658412031
2024-01-07,S003,P0020,83.61112118303231
2024-01-08,S003,P0020,105.03634411485722
2024-01-09,S003,P0020,79.13412440804477
2024-01-10,S003,P0020,86.49817353532615
2024-01-11,S003,P0020,93.67941776531913
2024-01-12,S003,P0020,94.47318568283949
2024-01-13,S003,P0020,86.68000989765302
2024-01-14,S003,P0020,110.2072916232104
2024-01-15,S003,P0020,92.23385918191332
2024-01-16,S003,P0020,84.2553708074512
2024-01-17,S003,P0020,78.07278513844592
2024-01-18,S003,P0020,110.8867883705174
2024-01-19,S003,P0020,95.85373693330172
2024-01-20,S003,P0020,101.85127550687083
2024-01-21,S003,P0020,109.9819136223067
2024-01-22,S003,P0020,128.00819067412584
2024-01-23,S003,P0020,88.81010304962108
2024-01-24,S003,P0020,103.29555404461331
2024-01-25,S003,P0020,103.09840072527408
2024-01-26,S003,P0020,77.85858574519608
2024-01-27,S003,P0020,77.33467731211047
2024-01-28,S003,P0020,111.50197851491045
2024-01-29,S003,P0020,78.1141644670807
2024-01-30,S003,P0020,98.87431497973209
2024-01-03,S004,P0001,77.90009973433004
2024-01-04,S004,P0001,84.25765438847118
2024-01-05,S004,P0001,74.63412607413575
2024-01-06,S004,P0001,97.64627583195089
2024-01-07,S004,P0001,66.51292299142823
2024-01-08,S004,P0001,94.75694681784354
2024-01-09,S004,P0001,88.60064823290463
2024-01-10,S004,P0001,101.68776021694671
2024-01-11,S004,P0001,143.62937319258037
2024-01-12,S004,P0001,88.14026216612577
2024-01-13,S004,P0001,132.24857098283962
2024-01-14,S004,P0001,102.0247483184003
2024-01-15,S004,P0001,101.91347640624096
2024-01-16,S004,P0001,88.14026216612577
2024-01-17,S004,P0001,87.93885822571785
2024-01-18,S004,P0001,88.09224713234855
2024-01-19,S004,P0001,114.23650348872309
2024-01-20,S004,P0001,109.19189523564398
2024-01-21,S004,P0001,121.25326537520446
2024-01-22,S004,P0001,131.85740466730812
2024-01-23,S004,P0001,101.71421351290687
2024-01-24,S004,P0001,109.24140502940044
2024-01-25,S004,P0001,101.81428453423685
2024-01-26,S004,P0001,111.2922093188089
2024-01-27,S004,P0001,101.81428453423685
2024-01-28,S004,P0001,110.63646226502797
2024-01-29,S004,P0001,110.88887014674468
2024-01-30,S004,P0001,88.43388326304091
2024-01-03,S004,P0002,75.66370861667808
2024-01-04,S004,P0002,64.14389477372904
2024-01-05,S004,P0002,74.06959339336028
2024-01-06,S004,P0002,74.168692222456
2024-01-07,S004,P0002,82.34774425225919
2024-01-08,S004,P0002,74.40083875151105
2024-01-09,S004,P0002,88.27367184350058
2024-01-10,S004,P0002,101.71610168067606
2024-01-11,S004,P0002,108.86635486534121
2024-01-12,S004,P0002,88.07091126175571
2024-01-13,S004,P0002,104.32053577414534
2024-01-14,S004,P0002,103.27408090687545
2024-01-15,S004,P0002,130.9373499362053
2024-01-16,S004,P0002,119.87937483377983
2024-01-17,S004,P0002,92.49978811508299
2024-01-18,S004,P0002,91.76012281045554
2024-01-19,S004,P0002,93.40345594056754
2024-01-20,S004,P0002,143.47268258372324
2024-01-21,S004,P0002,89.8165100450561
2024-01-22,S004,P0002,103.11159535849178
2024-01-23,S004,P0002,101.37340780839371
2024-01-24,S004,P0002,115.1987159969263
2024-01-25,S004,P0002,127.84238898753809
2024-01-26,S004,P0002,138.26329065878494
2024-01-27,S004,P0002,127.6573174762137
2024-01-28,S004,P0002,109.70551243680151
2024-01-29,S004,P0002,109.48149533112533
2024-01-30,S004,P0002,86.13951108431192
2024-01-03,S004,P0003,28.057377706452538
2024-01-04,S004,P0003,30.115133529878797
2024-01-05,S004,P0003,44.70598360728132
2024-01-06,S004,P0003,45.09343138906053
2024-01-07,S004,P0003,29.988790834848214
2024-01-08,S004,P0003,43.7314197306175
2024-01-09,S004,P0003,61.87342046886257
2024-01-10,S004,P0003,88.38709885667153
2024-01-11,S004,P0003,97.72174121980926
2024-01-12,S004,P0003,61.959955265386554
2024-01-13,S004,P0003,69.06549948231815
2024-01-14,S004,P0003,69.12625601465025
2024-01-15,S004,P0003,69.32717463643367
2024-01-16,S004,P0003,79.55975083410009
2024-01-17,S004,P0003,61.89231825744243
2024-01-18,S004,P0003,61.959955265386554
2024-01-19,S004,P0003,80.56805167564173
2024-01-20,S004,P0003,75.71179926454992
2024-01-21,S004,P0003,61.66921224973575
2024-01-22,S004,P0003,88.54350745168819
2024-01-23,S004,P0003,69.36574378284254
2024-01-24,S004,P0003,79.30691224061366
2024-01-25,S004,P0003,69.68693672507682
2024-01-26,S004,P0003,76.50542650282155
2024-01-27,S004,P0003,69.68693672507682
2024-01-28,S004,P0003,97.4663664350406
2024-01-29,S004,P0003,77.6964259678935
2024-01-30,S004,P0003,62.79184695090906
2024-01-03,S004,P0004,63.970150986586276
2024-01-04,S004,P0004,69.96986773386816
2024-01-05,S004,P0004,77.80214166825944
2024-01-06,S004,P0004,83.55119768718839
2024-01-07,S004,P0004,75.72288340821824
2024-01-08,S004,P0004,102.43312658908931
2024-01-09,S004,P0004,91.55821910084276
2024-01-10,S004,P0004,110.64693616985564
2024-01-11,S004,P0004,141.45990798130236
2024-01-12,S004,P0004,113.44099255476003
2024-01-13,S004,P0004,104.09923845896326
2024-01-14,S004,P0004,131.3298770173277
2024-01-15,S004,P0004,104.22989932030508
2024-01-16,S004,P0004,113.39398499078254
2024-01-17,S004,P0004,89.25432212962686
2024-01-18,S004,P0004,113.44099255476003
2024-01-19,S004,P0004,89.1121046758474
2024-01-20,S004,P0004,141.32241650825094
2024-01-21,S004,P0004,113.44099255476003
2024-01-22,S004,P0004,106.63854879491666
2024-01-23,S004,P0004,103.82445652331968
2024-01-24,S004,P0004,89.25432212962686
2024-01-25,S004,P0004,103.82445652331968
2024-01-26,S004,P0004,143.60750136421112
2024-01-27,S004,P0004,103.8309258899365
2024-01-28,S004,P0004,141.32241650825094
2024-01-29,S004,P0004,111.53517387744931
2024-01-30,S004,P0004,87.73549438813785
2024-01-03,S004,P0005,90.06100017576763
2024-01-04,S004,P0005,76.40275593506966
2024-01-05,S004,P0005,106.8304811815249
2024-01-06,S004,P0005,87.00990816235355
2024-01-07,S004,P0005,76.40275593506966
2024-01-08,S004,P0005,86.73102945022056
2024-01-09,S004,P0005,75.81680462112989
2024-01-10,S004,P0005,83.85118636492405
2024-01-11,S004,P0005,92.03583904218003
2024-01-12,S004,P0005,76.01956520287476
2024-01-13,S004,P0005,85.14036660929986
2024-01-14,S004,P0005,84.85900270402139
2024-01-15,S004,P0005,84.53269206401379
2024-01-16,S004,P0005,96.38059774205442
2024-01-17,S004,P0005,75.81680462112989
2024-01-18,S004,P0005,76.45784230353482
2024-01-19,S004,P0005,95.69909204296468
2024-01-20,S004,P0005,113.51978833713447
2024-01-21,S004,P0005,96.85118666508983
2024-01-22,S004,P0005,84.95561741115071
2024-01-23,S004,P0005,84.95561741115071
2024-01-24,S004,P0005,96.73221909228407
2024-01-25,S004,P0005,85.26828362429968
2024-01-26,S004,P0005,113.03240024843086
2024-01-27,S004,P0005,107.36769217063127
2024-01-28,S004,P0005,91.38966700299255
2024-01-29,S004,P0005,92.16375605717987
2024-01-30,S004,P0005,76.16842597135954
2024-01-03,S004,P0006,74.98807892119568
2024-01-04,S004,P0006,81.92343773232238
2024-01-05,S004,P0006,73.49454584996806
2024-01-06,S004,P0006,72.85730757425777
2024-01-07,S004,P0006,63.80550324193343
2024-01-08,S004,P0006,90.4006991233759
2024-01-09,S004,P0006,86.146150262059
2024-01-10,S004,P0006,100.67412646912594
2024-01-11,S004,P0006,108.20767014061471
2024-01-12,S004,P0006,108.98740644231411
2024-01-13,S004,P0006,100.34467017473958
2024-01-14,S004,P0006,100.6923011054191
2024-01-15,S004,P0006,100.68024143175178
2024-01-16,S004,P0006,86.146150262059
2024-01-17,S004,P0006,86.85787344388883
2024-01-18,S004,P0006,87.14643713692355
2024-01-19,S004,P0006,87.14643713692355
2024-01-20,S004,P0006,108.20767014061471
2024-01-21,S004,P0006,108.99352140493995
2024-01-22,S004,P0006,100.35078513736542
2024-01-23,S004,P0006,127.39826784543251
2024-01-24,S004,P0006,106.5299071574572
2024-01-25,S004,P0006,127.4040282486911
2024-01-26,S004,P0006,107.1330736592309
2024-01-27,S004,P0006,103.15203047101242
2024-01-28,S004,P0006,140.73460038583224
2024-01-29,S004,P0006,110.81453299652182
2024-01-30,S004,P0006,88.73533883480826
2024-01-03,S004,P0007,71.29059621215549
2024-01-04,S004,P0007,83.40930732103556
2024-01-05,S004,P0007,78.46434494116744
2024-01-06,S004,P0007,82.47138014003407
2024-01-07,S004,P0007,69.25879524437333
2024-01-08,S004,P0007,81.84008457354338
2024-01-09,S004,P0007,90.6095283142825
2024-01-10,S004,P0007,133.76819010386544
2024-01-11,S004,P0007,113.3926167807941
2024-01-12,S004,P0007,85.60037129581096
2024-01-13,S004,P0007,134.2305023861422
2024-01-14,S004,P0007,110.14849075929013
2024-01-15,S004,P0007,108.39451625711759
2024-01-16,S004,P0007,112.55325800140069
2024-01-17,S004,P0007,112.63836399006293
2024-01-18,S004,P0007,89.98618458612579
2024-01-19,S004,P0007,89.90319294041086
2024-01-20,S004,P0007,141.6055241700348
2024-01-21,S004,P0007,91.26389084014637
2024-01-22,S004,P0007,104.52065405728194
2024-01-23,S004,P0007,104.52712342389876
2024-01-24,S004,P0007,90.88038058333812
2024-01-25,S004,P0007,131.60461449929497
2024-01-26,S004,P0007,111.41781970803906
2024-01-27,S004,P0007,131.33173618417368
2024-01-28,S004,P0007,112.28302331903646
2024-01-29,S004,P0007,113.29667744489407
2024-01-30,S004,P0007,90.61383288865838
2024-01-03,S004,P0008,34.91221926406813
2024-01-04,S004,P0008,37.13744545635447
2024-01-05,S004,P0008,42.22403694507548
2024-01-06,S004,P0008,33.68281797583727
2024-01-07,S004,P0008,30.188709754816724
2024-01-08,S004,P0008,33.79643602844953
2024-01-09,S004,P0008,74.91539055450951
2024-01-10,S004,P0008,64.38782477635661
2024-01-11,S004,P0008,88.16261066105646
2024-01-12,S004,P0008,59.69489194170526
2024-01-13,S004,P0008,64.51273679200325
2024-01-14,S004,P0008,64.51273679200325
2024-01-15,S004,P0008,64.40363091748713
2024-01-16,S004,P0008,73.90598096989244
2024-01-17,S004,P0008,74.03364950984654
2024-01-18,S004,P0008,59.46521821327971
2024-01-19,S004,P0008,59.46521821327971
2024-01-20,S004,P0008,72.45894781428476
2024-01-21,S004,P0008,58.40952137100161
2024-01-22,S004,P0008,64.7424105204288
2024-01-23,S004,P0008,80.1519860202889
2024-01-24,S004,P0008,72.50330476681337
2024-01-25,S004,P0008,64.38782477635661
2024-01-26,S004,P0008,71.18030304829465
2024-01-27,S004,P0008,80.17752695078975
2024-01-28,S004,P0008,72.37932035571326
2024-01-29,S004,P0008,72.37932035571326
2024-01-30,S004,P0008,59.332956783254694
2024-01-03,S004,P0009,88.97362270193577
2024-01-04,S004,P0009,84.70661924440503
2024-01-05,S004,P0009,99.15692361927384
2024-01-06,S004,P0009,122.09837459641474
2024-01-07,S004,P0009,87.47914431892032
2024-01-08,S004,P0009,99.82702803277635
2024-01-09,S004,P0009,101.33648240701856
2024-01-10,S004,P0009,87.80978024031575
2024-01-11,S004,P0009,120.4429333966597
2024-01-12,S004,P0009,79.0082394991728
2024-01-13,S004,P0009,85.6898914691123
2024-01-14,S004,P0009,86.19785513007008
2024-01-15,S004,P0009,86.19785513007008
2024-01-16,S004,P0009,97.42621420024818
2024-01-17,S004,P0009,97.7873363582502
2024-01-18,S004,P0009,77.96684166080688
2024-01-19,S004,P0009,78.27950787395585
2024-01-20,S004,P0009,116.2538313440397
2024-01-21,S004,P0009,97.7873363582502
2024-01-22,S004,P0009,86.19785513007008
2024-01-23,S004,P0009,85.97895042584751
2024-01-24,S004,P0009,97.64511890447075
2024-01-25,S004,P0009,86.51052134321905
2024-01-26,S004,P0009,93.25529264822319
2024-01-27,S004,P0009,111.47646492982938
2024-01-28,S004,P0009,93.25529264822319
2024-01-29,S004,P0009,93.28840422748652
2024-01-30,S004,P0009,77.96684166080688
2024-01-03,S004,P0010,61.764323282232084
2024-01-04,S004,P0010,83.00966401348039
2024-01-05,S004,P0010,92.7241538395145
2024-01-06,S004,P0010,72.46179290214661
2024-01-07,S004,P0010,85.84947739966425
2024-01-08,S004,P0010,77.32259818304365
2024-01-09,S004,P0010,89.8514233265043
2024-01-10,S004,P0010,126.50202190246577
2024-01-11,S004,P0010,108.1607677949831
2024-01-12,S004,P0010,89.70873598013068
2024-01-13,S004,P0010,101.35733402097618
2024-01-14,S004,P0010,100.14982187730472
2024-01-15,S004,P0010,100.1905414094908
2024-01-16,S004,P0010,112.44562883492863
2024-01-17,S004,P0010,112.73703657482393
2024-01-18,S004,P0010,89.26313329610106
2024-01-19,S004,P0010,88.2919486714335
2024-01-20,S004,P0010,111.0945572226719
2024-01-21,S004,P0010,112.27665050804507
2024-01-22,S004,P0010,107.58626858506922
2024-01-23,S004,P0010,109.55277349519065
2024-01-24,S004,P0010,113.02814069679648
2024-01-25,S004,P0010,101.00914351567717
2024-01-26,S004,P0010,109.63885359768972
2024-01-27,S004,P0010,126.93923504499202
2024-01-28,S004,P0010,109.39229206436202
2024-01-29,S004,P0010,111.0945572226719
2024-01-30,S004,P0010,87.3959396479227
2024-01-03,S004,P0011,101.36553427449799
2024-01-04,S004,P0011,117.84172479520053
2024-01-05,S004,P0011,121.93210104644105
2024-01-06,S004,P0011,125.76330574447925
2024-01-07,S004,P0011,93.07236939795129
2024-01-08,S004,P0011,98.32651184465527
2024-01-09,S004,P0011,79.86440136716243
2024-01-10,S004,P0011,88.3011346561519
2024-01-11,S004,P0011,117.97688233558222
2024-01-12,S004,P0011,78.31074124709279
2024-01-13,S004,P0011,107.84820299090356
2024-01-14,S004,P0011,88.07888648542156
2024-01-15,S004,P0011,112.79662531402475
2024-01-16,S004,P0011,78.46400896929099
2024-01-17,S004,P0011,99.4922724192903
2024-01-18,S004,P0011,78.15181234801165
2024-01-19,S004,P0011,78.08849307636245
2024-01-20,S004,P0011,126.87795541523555
2024-01-21,S004,P0011,78.31074124709279
2024-01-22,S004,P0011,87.44420992591033
2024-01-23,S004,P0011,88.77744227246353
2024-01-24,S004,P0011,78.61598087978554
2024-01-25,S004,P0011,89.05225097367723
2024-01-26,S004,P0011,97.69222924444739
2024-01-27,S004,P0011,88.3011346561519
2024-01-28,S004,P0011,97.34574057653617
2024-01-29,S004,P0011,93.6630528001929
2024-01-30,S004,P0011,77.24893232690995
2024-01-03,S004,P0012,43.98470485693899
2024-01-04,S004,P0012,45.33291970623425
2024-01-05,S004,P0012,48.05691144555791
2024-01-06,S004,P0012,48.31008446889235
2024-01-07,S004,P0012,58.29193236226884
2024-01-08,S004,P0012,47.2423527432404
2024-01-09,S004,P0012,89.9519575994939
2024-01-10,S004,P0012,79.96402306777985
2024-01-11,S004,P0012,108.97507715437793
2024-01-12,S004,P0012,90.09417505327335
2024-01-13,S004,P0012,100.27880636611103
2024-01-14,S004,P0012,79.99713464704318
2024-01-15,S004,P0012,79.96402306777985
2024-01-16,S004,P0012,73.49422829164305
2024-01-17,S004,P0012,90.09417505327335
2024-01-18,S004,P0012,89.98506917875723
2024-01-19,S004,P0012,73.18156207849408
2024-01-20,S004,P0012,86.32142616163087
2024-01-21,S004,P0012,73.50405201744017
2024-01-22,S004,P0012,99.35717619236888
2024-01-23,S004,P0012,98.88658726933348
2024-01-24,S004,P0012,73.50405201744017
2024-01-25,S004,P0012,98.2483120558551
2024-01-26,S004,P0012,86.62342393437625
2024-01-27,S004,P0012,80.30284836800395
2024-01-28,S004,P0012,86.89856293274374
2024-01-29,S004,P0012,86.60415483982132
2024-01-30,S004,P0012,73.86215681456787
2024-01-03,S004,P0013,64.61108074215107
2024-01-04,S004,P0013,65.00389739759292
2024-01-05,S004,P0013,96.19157071601813
2024-01-06,S004,P0013,75.80455958612092
2024-01-07,S004,P0013,88.9122786817498
2024-01-08,S004,P0013,75.80455958612092
2024-01-09,S004,P0013,114.77010619344294
2024-01-10,S004,P0013,132.16865289850008
2024-01-11,S004,P0013,111.1898263718159
2024-01-12,S004,P0013,90.6707980408974
2024-01-13,S004,P0013,99.76067479822161
2024-01-14,S004,P0013,103.59324653222419
2024-01-15,S004,P0013,104.00324106071423
2024-01-16,S004,P0013,115.12747720070325
2024-01-17,S004,P0013,114.24152291110812
2024-01-18,S004,P0013,90.78690126587566
2024-01-19,S004,P0013,90.98966184762052
2024-01-20,S004,P0013,117.41825360867792
2024-01-21,S004,P0013,92.45044342233253
2024-01-22,S004,P0013,110.60500060323893
2024-01-23,S004,P0013,133.04888836181075
2024-01-24,S004,P0013,89.49328708254112
2024-01-25,S004,P0013,131.91074731691592
2024-01-26,S004,P0013,110.97130030158993
2024-01-27,S004,P0013,130.59137256499466
2024-01-28,S004,P0013,111.76043355189981
2024-01-29,S004,P0013,110.56883589199506
2024-01-30,S004,P0013,89.56350852057136
2024-01-03,S004,P0014,28.149580833087917
2024-01-04,S004,P0014,30.35989823117526
2024-01-05,S004,P0014,44.76577189367252
2024-01-06,S004,P0014,33.85045213017952
2024-01-07,S004,P0014,30.35989823117526
2024-01-08,S004,P0014,34.85871528487095
2024-01-09,S004,P0014,76.22953185243186
2024-01-10,S004,P0014,66.64813875950357
2024-01-11,S004,P0014,74.12646437899525
2024-01-12,S004,P0014,60.01491659806815
2024-01-13,S004,P0014,66.0603335479871
2024-01-14,S004,P0014,66.43818196140673
2024-01-15,S004,P0014,66.43818196140673
2024-01-16,S004,P0014,75.2759115673955
2024-01-17,S004,P0014,60.3635981830825
2024-01-18,S004,P0014,75.80868073426092
2024-01-19,S004,P0014,75.87386293453157
2024-01-20,S004,P0014,94.35370441379963
2024-01-21,S004,P0014,75.5167458344691
2024-01-22,S004,P0014,84.53039392718247
2024-01-23,S004,P0014,66.43818196140673
2024-01-24,S004,P0014,60.13906664666687
2024-01-25,S004,P0014,66.71332095977422
2024-01-26,S004,P0014,75.76423656378721
2024-01-27,S004,P0014,85.50666165695924
2024-01-28,S004,P0014,74.75721869373263
2024-01-29,S004,P0014,73.90742134888866
2024-01-30,S004,P0014,61.35720343467006
2024-01-03,S004,P0015,35.098229437048936
2024-01-04,S004,P0015,30.38141391768035
2024-01-05,S004,P0015,34.28538053192217
2024-01-06,S004,P0015,34.33238809589965
2024-01-07,S004,P0015,38.93989640811007
2024-01-08,S004,P0015,34.58393078119438
2024-01-09,S004,P0015,78.35991953250476
2024-01-10,S004,P0015,66.61687799083008
2024-01-11,S004,P0015,74.63406086723488
2024-01-12,S004,P0015,76.94684090486221
2024-01-13,S004,P0015,84.87943939251457
2024-01-14,S004,P0015,66.07078008701177
2024-01-15,S004,P0015,66.34173899246258
2024-01-16,S004,P0015,60.27984184404732
2024-01-17,S004,P0015,60.224933004157805
2024-01-18,S004,P0015,60.27984184404732
2024-01-19,S004,P0015,60.27984184404732
2024-01-20,S004,P0015,93.43630361280681
2024-01-21,S004,P0015,60.27984184404732
2024-01-22,S004,P0015,65.99381245071761
2024-01-23,S004,P0015,65.99381245071761
2024-01-24,S004,P0015,60.426275865474096
2024-01-25,S004,P0015,66.34173899246258
2024-01-26,S004,P0015,93.49586116784991
2024-01-27,S004,P0015,85.00466681451013
2024-01-28,S004,P0015,96.14965206254624
2024-01-29,S004,P0015,74.49448505663081
2024-01-30,S004,P0015,61.99355871570156
2024-01-03,S004,P0016,28.405977920197845
2024-01-04,S004,P0016,29.282704456662493
2024-01-05,S004,P0016,33.11028084019916
2024-01-06,S004,P0016,31.8208137820527
2024-01-07,S004,P0016,38.515951836376765
2024-01-08,S004,P0016,43.40072028932581
2024-01-09,S004,P0016,78.19568203250226
2024-01-10,S004,P0016,86.64038443298953
2024-01-11,S004,P0016,74.24266345469583
2024-01-12,S004,P0016,60.00041861184825
2024-01-13,S004,P0016,86.57984130502412
2024-01-14,S004,P0016,86.48861491027812
2024-01-15,S004,P0016,86.57984130502412
2024-01-16,S004,P0016,78.76235776264244
2024-01-17,S004,P0016,60.146852633275024
2024-01-18,S004,P0016,78.00645701474532
2024-01-19,S004,P0016,59.93606703232013
2024-01-20,S004,P0016,74.17748125442517
2024-01-21,S004,P0016,60.1111548639949
2024-01-22,S004,P0016,67.03382004123216
2024-01-23,S004,P0016,86.43762385124467
2024-01-24,S004,P0016,58.36360921671369
2024-01-25,S004,P0016,65.35145659422162
2024-01-26,S004,P0016,74.13192720254919
2024-01-27,S004,P0016,67.02503213601229
2024-01-28,S004,P0016,74.13192720254919
2024-01-29,S004,P0016,71.39724353642197
2024-01-30,S004,P0016,60.771843094925515
2024-01-03,S004,P0017,83.90136399264733
2024-01-04,S004,P0017,84.87463011966071
2024-01-05,S004,P0017,112.70761549857801
2024-01-06,S004,P0017,94.60308248875775
2024-01-07,S004,P0017,83.90222188657401
2024-01-08,S004,P0017,111.32706013328635
2024-01-09,S004,P0017,78.77079763616689
2024-01-10,S004,P0017,108.3021596495825
2024-01-11,S004,P0017,91.84471245774569
2024-01-12,S004,P0017,77.72709820814401
2024-01-13,S004,P0017,105.536033291907
2024-01-14,S004,P0017,84.66318418867554
2024-01-15,S004,P0017,84.45474746520314
2024-01-16,S004,P0017,77.72709820814401
2024-01-17,S004,P0017,77.72709820814401
2024-01-18,S004,P0017,78.77079763616689
2024-01-19,S004,P0017,77.72709820814401
2024-01-20,S004,P0017,116.47124214068874
2024-01-21,S004,P0017,98.65235947697191
2024-01-22,S004,P0017,105.57560970322196
2024-01-23,S004,P0017,84.64203741729791
2024-01-24,S004,P0017,98.65235947697191
2024-01-25,S004,P0017,84.64203741729791
2024-01-26,S004,P0017,88.8679467379895
2024-01-27,S004,P0017,108.82769482380341
2024-01-28,S004,P0017,118.72341117314606
2024-01-29,S004,P0017,92.18168711494776
2024-01-30,S004,P0017,77.45585324651422
2024-01-03,S004,P0018,28.750713714527944
2024-01-04,S004,P0018,36.326577253180076
2024-01-05,S004,P0018,41.887739546763044
2024-01-06,S004,P0018,33.19892980331693
2024-01-07,S004,P0018,29.809440787495767
2024-01-08,S004,P0018,33.19892980331693
2024-01-09,S004,P0018,58.981479557565116
2024-01-10,S004,P0018,64.20513874710602
2024-01-11,S004,P0018,88.11364926702878
2024-01-12,S004,P0018,75.00406354825942
2024-01-13,S004,P0018,68.48139917870138
2024-01-14,S004,P0018,63.70864622117765
2024-01-15,S004,P0018,64.27910885259655
2024-01-16,S004,P0018,58.981479557565116
2024-01-17,S004,P0018,59.349462551497226
2024-01-18,S004,P0018,59.036796338348246
2024-01-19,S004,P0018,75.03426988087327
2024-01-20,S004,P0018,71.78181413058067
2024-01-21,S004,P0018,59.349462551497226
2024-01-22,S004,P0018,79.48675884502872
2024-01-23,S004,P0018,64.27910885259655
2024-01-24,S004,P0018,58.981479557565116
2024-01-25,S004,P0018,63.82646984598441
2024-01-26,S004,P0018,88.11364926702878
2024-01-27,S004,P0018,80.16034622263885
2024-01-28,S004,P0018,88.11364926702878
2024-01-29,S004,P0018,71.67107787843403
2024-01-30,S004,P0018,59.04200872302184
2024-01-03,S004,P0019,88.3682429096872
2024-01-04,S004,P0019,93.2761901687866
2024-01-05,S004,P0019,114.97184226967909
2024-01-06,S004,P0019,101.05565355674925
2024-01-07,S004,P0019,110.437933611393
2024-01-08,S004,P0019,118.81746929599197
2024-01-09,S004,P0019,98.5415100383288
2024-01-10,S004,P0019,85.99029474010148
2024-01-11,S004,P0019,92.61306417498227
2024-01-12,S004,P0019,77.96957501625725
2024-01-13,S004,P0019,103.95278705073333
2024-01-14,S004,P0019,85.88837833623445
2024-01-15,S004,P0019,85.88837833623445
2024-01-16,S004,P0019,78.06080141100325
2024-01-17,S004,P0019,78.00589257111372
2024-01-18,S004,P0019,95.93932459036753
2024-01-19,S004,P0019,77.96957501625725
2024-01-20,S004,P0019,93.79409719035245
2024-01-21,S004,P0019,78.00589257111372
2024-01-22,S004,P0019,103.95278705073333
2024-01-23,S004,P0019,87.02865392657986
2024-01-24,S004,P0019,101.6875558694895
2024-01-25,S004,P0019,108.87023050126359
2024-01-26,S004,P0019,119.55715155441496
2024-01-27,S004,P0019,87.02865392657986
2024-01-28,S004,P0019,94.66555316323702
2024-01-29,S004,P0019,95.07001350507058
2024-01-30,S004,P0019,78.2904751394288
2024-01-03,S004,P0020,28.407927535737517
2024-01-04,S004,P0020,30.045233090054364
2024-01-05,S004,P0020,45.06443316462673
2024-01-06,S004,P0020,43.33735472067206
2024-01-07,S004,P0020,29.579406767364667
2024-01-08,S004,P0020,42.84832110373034
2024-01-09,S004,P0020,60.148753023054574
2024-01-10,S004,P0020,66.00555816483659
2024-01-11,S004,P0020,73.5082634428207
2024-01-12,S004,P0020,59.877794117603756
2024-01-13,S004,P0020,66.05256572881407
2024-01-14,S004,P0020,83.30900617231059
2024-01-15,S004,P0020,66.18864714063567
2024-01-16,S004,P0020,60.148753023054574
2024-01-17,S004,P0020,59.617182105683035
2024-01-18,S004,P0020,76.7065393451255
2024-01-19,S004,P0020,60.148753023054574
2024-01-20,S004,P0020,73.01641831924309
2024-01-21,S004,P0020,75.72683684734325
2024-01-22,S004,P0020,83.305722747725
2024-01-23,S004,P0020,66.00555816483659
2024-01-24,S004,P0020,74.17865976589914
2024-01-25,S004,P0020,65.96179777971048
2024-01-26,S004,P0020,73.29812757034708
2024-01-27,S004,P0020,65.88064614918994
2024-01-28,S004,P0020,90.86232087496697
2024-01-29,S004,P0020,73.29812757034708
2024-01-30,S004,P0020,59.93861715058094
2024-01-03,S005,P0001,83.6373425230286
2024-01-04,S005,P0001,77.54860418517946
2024-01-05,S005,P0001,74.25302250332473
2024-01-06,S005,P0001,79.41047749005928
2024-01-07,S005,P0001,63.3045605146816
2024-01-08,S005,P0001,82.10362423180356
2024-01-09,S005,P0001,87.85721087835324
2024-01-10,S005,P0001,88.28530364987228
2024-01-11,S005,P0001,112.38124124828667
2024-01-12,S005,P0001,101.43474041723407
2024-01-13,S005,P0001,140.3966482375536
2024-01-14,S005,P0001,87.8752936422587
2024-01-15,S005,P0001,100.87676846865143
2024-01-16,S005,P0001,87.81011144198804
2024-01-17,S005,P0001,101.28968787534664
2024-01-18,S005,P0001,109.58826680973814
2024-01-19,S005,P0001,113.1170179098559
2024-01-20,S005,P0001,110.27194416935168
2024-01-21,S005,P0001,129.90810422121282
2024-01-22,S005,P0001,143.19775936888888
2024-01-23,S005,P0001,88.8785243552645
2024-01-24,S005,P0001,129.94499016964667
2024-01-25,S005,P0001,109.58042926238598
2024-01-26,S005,P0001,101.2014811689866
2024-01-27,S005,P0001,87.40027558520828
2024-01-28,S005,P0001,101.13629896871595
2024-01-29,S005,P0001,101.13629896871595
2024-01-30,S005,P0001,87.81011144198804
2024-01-03,S005,P0002,58.96110862833812
2024-01-04,S005,P0002,44.275404929847895
2024-01-05,S005,P0002,49.244811755592444
2024-01-06,S005,P0002,45.51213336259705
2024-01-07,S005,P0002,55.04122082255656
2024-01-08,S005,P0002,44.96608169985612
2024-01-09,S005,P0002,78.11750882112874
2024-01-10,S005,P0002,77.74072961793973
2024-01-11,S005,P0002,78.11750882112874
2024-01-12,S005,P0002,86.6761762756744
2024-01-13,S005,P0002,95.88859880970362
2024-01-14,S005,P0002,79.31449909359374
2024-01-15,S005,P0002,105.67963130103782
2024-01-16,S005,P0002,99.00309303816444
2024-01-17,S005,P0002,86.52413498246533
2024-01-18,S005,P0002,98.94130423860338
2024-01-19,S005,P0002,79.25324613642378
2024-01-20,S005,P0002,123.0599597419541
2024-01-21,S005,P0002,86.88719033416807
2024-01-22,S005,P0002,93.56817599156157
2024-01-23,S005,P0002,77.74072961793973
2024-01-24,S005,P0002,106.73190034514833
2024-01-25,S005,P0002,116.18792361022636
2024-01-26,S005,P0002,106.05219435343159
2024-01-27,S005,P0002,96.33822808628886
2024-01-28,S005,P0002,86.68412733821656
2024-01-29,S005,P0002,86.68412733821656
2024-01-30,S005,P0002,77.40931378049926
2024-01-03,S005,P0003,28.766138720483056
2024-01-04,S005,P0003,27.83117091825969
2024-01-05,S005,P0003,43.74536973401286
2024-01-06,S005,P0003,37.933233605117955
2024-01-07,S005,P0003,26.850523806760116
2024-01-08,S005,P0003,37.206272420196804
2024-01-09,S005,P0003,79.95809401339528
2024-01-10,S005,P0003,98.53067299500536
2024-01-11,S005,P0003,96.41550619148786
2024-01-12,S005,P0003,90.01139651833192
2024-01-13,S005,P0003,96.00353887503341
2024-01-14,S005,P0003,79.84264204554033
2024-01-15,S005,P0003,89.533397535876
2024-01-16,S005,P0003,98.23926525511006
2024-01-17,S005,P0003,89.68980613089266
2024-01-18,S005,P0003,96.00353887503341
2024-01-19,S005,P0003,98.53067299500536
2024-01-20,S005,P0003,93.62962726854244
2024-01-21,S005,P0003,89.533397535876
2024-01-22,S005,P0003,117.04130327711995
2024-01-23,S005,P0003,79.60455627822668
2024-01-24,S005,P0003,110.31597699738494
2024-01-25,S005,P0003,93.1765558752105
2024-01-26,S005,P0003,86.21149683043056
2024-01-27,S005,P0003,80.25685749775153
2024-01-28,S005,P0003,110.53602519015242
2024-01-29,S005,P0003,90.7148416082251
2024-01-30,S005,P0003,80.17692705787192
2024-01-03,S005,P0004,65.28454514423811
2024-01-04,S005,P0004,61.60769288160879
2024-01-05,S005,P0004,75.52891921226492
2024-01-06,S005,P0004,65.02970031188933
2024-01-07,S005,P0004,61.74991033538823
2024-01-08,S005,P0004,82.85376147836843
2024-01-09,S005,P0004,89.72710941962845
2024-01-10,S005,P0004,88.9833578921176
2024-01-11,S005,P0004,112.60114561060027
2024-01-12,S005,P0004,129.99774939183513
2024-01-13,S005,P0004,111.01579235952258
2024-01-14,S005,P0004,114.31486924639044
2024-01-15,S005,P0004,103.14647095779878
2024-01-16,S005,P0004,112.81160939476372
2024-01-17,S005,P0004,103.1529403244156
2024-01-18,S005,P0004,140.7307891676646
2024-01-19,S005,P0004,89.51460292956371
2024-01-20,S005,P0004,142.94784254899955
2024-01-21,S005,P0004,138.2696529954424
2024-01-22,S005,P0004,115.76438752742601
2024-01-23,S005,P0004,91.72085753080412
2024-01-24,S005,P0004,104.18397952640652
2024-01-25,S005,P0004,112.75663136857878
2024-01-26,S005,P0004,134.825246650318
2024-01-27,S005,P0004,89.72710941962845
2024-01-28,S005,P0004,129.99774939183513
2024-01-29,S005,P0004,103.14647095779878
2024-01-30,S005,P0004,89.3360391300605
2024-01-03,S005,P0005,82.50768467713156
2024-01-04,S005,P0005,61.30986722540745
2024-01-05,S005,P0005,92.99337300508185
2024-01-06,S005,P0005,64.30940766898385
2024-01-07,S005,P0005,61.26285966142997
2024-01-08,S005,P0005,64.29468979798678
2024-01-09,S005,P0005,87.13807366033889
2024-01-10,S005,P0005,83.46878748189239
2024-01-11,S005,P0005,87.32729867809583
2024-01-12,S005,P0005,100.42293604150507
2024-01-13,S005,P0005,108.416196649984
2024-01-14,S005,P0005,87.13807366033889
2024-01-15,S005,P0005,101.10472793668431
2024-01-16,S005,P0005,110.65961641138561
2024-01-17,S005,P0005,101.16367844305577
2024-01-18,S005,P0005,110.37791524077136
2024-01-19,S005,P0005,111.69232537508601
2024-01-20,S005,P0005,139.58630343113532
2024-01-21,S005,P0005,128.2719332117072
2024-01-22,S005,P0005,110.26906228760227
2024-01-23,S005,P0005,87.13807366033889
2024-01-24,S005,P0005,126.86081431070231
2024-01-25,S005,P0005,110.4802034331167
2024-01-26,S005,P0005,128.51580430879883
2024-01-27,S005,P0005,110.86701606543572
2024-01-28,S005,P0005,101.47772020941696
2024-01-29,S005,P0005,100.92130005226402
2024-01-30,S005,P0005,87.30683706529626
2024-01-03,S005,P0006,88.15953024288319
2024-01-04,S005,P0006,84.32611352194523
2024-01-05,S005,P0006,83.49359268817365
2024-01-06,S005,P0006,74.20095841584975
2024-01-07,S005,P0006,65.10221663310242
2024-01-08,S005,P0006,88.11755282931293
2024-01-09,S005,P0006,97.34475625736836
2024-01-10,S005,P0006,99.21589294106928
2024-01-11,S005,P0006,92.7236844942779
2024-01-12,S005,P0006,138.7507471920613
2024-01-13,S005,P0006,115.72939353460963
2024-01-14,S005,P0006,93.49253098327267
2024-01-15,S005,P0006,111.36310795637883
2024-01-16,S005,P0006,90.038148633363
2024-01-17,S005,P0006,108.32023956530111
2024-01-18,S005,P0006,113.16824455729468
2024-01-19,S005,P0006,92.35954334445765
2024-01-20,S005,P0006,118.06977824296821
2024-01-21,S005,P0006,134.74382578147103
2024-01-22,S005,P0006,121.94543138313895
2024-01-23,S005,P0006,120.99884405457688
2024-01-24,S005,P0006,141.59422464754653
2024-01-25,S005,P0006,153.84716882641166
2024-01-26,S005,P0006,112.35884593424223
2024-01-27,S005,P0006,96.96790036069638
2024-01-28,S005,P0006,130.1566793179303
2024-01-29,S005,P0006,111.2096652468578
2024-01-30,S005,P0006,89.78796960519404
2024-01-03,S005,P0007,82.21143922612778
2024-01-04,S005,P0007,75.87134807399485
2024-01-05,S005,P0007,75.61826085040116
2024-01-06,S005,P0007,65.20316159608592
2024-01-07,S005,P0007,61.357547950923546
2024-01-08,S005,P0007,65.20316159608592
2024-01-09,S005,P0007,89.2688504953031
2024-01-10,S005,P0007,112.15509707979783
2024-01-11,S005,P0007,90.2230658069774
2024-01-12,S005,P0007,104.01535472586119
2024-01-13,S005,P0007,142.23223436523932
2024-01-14,S005,P0007,89.5303053385
2024-01-15,S005,P0007,104.021824092478
2024-01-16,S005,P0007,111.82948628699253
2024-01-17,S005,P0007,130.6269451629157
2024-01-18,S005,P0007,112.91655769350238
2024-01-19,S005,P0007,90.07551432979002
2024-01-20,S005,P0007,143.53479768749122
2024-01-21,S005,P0007,105.46978049731062
2024-01-22,S005,P0007,111.99102271778303
2024-01-23,S005,P0007,89.59716366693667
2024-01-24,S005,P0007,103.6962132996727
2024-01-25,S005,P0007,141.75421816272916
2024-01-26,S005,P0007,104.06236228983867
2024-01-27,S005,P0007,112.29731453357728
2024-01-28,S005,P0007,104.66944976981507
2024-01-29,S005,P0007,104.06791569608367
2024-01-30,S005,P0007,90.11003415851735
2024-01-03,S005,P0008,81.40280108785593
2024-01-04,S005,P0008,77.5811183081708
2024-01-05,S005,P0008,90.14670900044732
2024-01-06,S005,P0008,63.721350561455885
2024-01-07,S005,P0008,61.189551252165764
2024-01-08,S005,P0008,63.721350561455885
2024-01-09,S005,P0008,107.64465417690506
2024-01-10,S005,P0008,85.62748710989139
2024-01-11,S005,P0008,107.37945978139352
2024-01-12,S005,P0008,98.35543950784655
2024-01-13,S005,P0008,107.45961894783792
2024-01-14,S005,P0008,86.65667112945113
2024-01-15,S005,P0008,97.9937381575243
2024-01-16,S005,P0008,107.50712832134762
2024-01-17,S005,P0008,120.49612897862451
2024-01-18,S005,P0008,106.9377914875471
2024-01-19,S005,P0008,86.22298389643024
2024-01-20,S005,P0008,107.02593171481703
2024-01-21,S005,P0008,97.72159560976937
2024-01-22,S005,P0008,107.12309807895345
2024-01-23,S005,P0008,106.86113450333781
2024-01-24,S005,P0008,119.51126143492068
2024-01-25,S005,P0008,105.99315927955583
2024-01-26,S005,P0008,96.92233581729649
2024-01-27,S005,P0008,107.64934577512707
2024-01-28,S005,P0008,97.95819442003376
2024-01-29,S005,P0008,96.99943403843012
2024-01-30,S005,P0008,86.18185015300013
2024-01-03,S005,P0009,64.5862819624598
2024-01-04,S005,P0009,64.10611013843621
2024-01-05,S005,P0009,79.3886506596632
2024-01-06,S005,P0009,90.76522615882108
2024-01-07,S005,P0009,64.93477777967419
2024-01-08,S005,P0009,71.99231000809222
2024-01-09,S005,P0009,118.461259004472
2024-01-10,S005,P0009,90.4812408205537
2024-01-11,S005,P0009,115.12957769822853
2024-01-12,S005,P0009,110.37538566434783
2024-01-13,S005,P0009,107.66214367522753
2024-01-14,S005,P0009,88.22375127660314
2024-01-15,S005,P0009,111.26894994268847
2024-01-16,S005,P0009,115.53762028473307
2024-01-17,S005,P0009,131.70882881454358
2024-01-18,S005,P0009,118.53682754856048
2024-01-19,S005,P0009,88.87566916161497
2024-01-20,S005,P0009,145.5679945516028
2024-01-21,S005,P0009,133.48843351503956
2024-01-22,S005,P0009,115.15178480644374
2024-01-23,S005,P0009,87.22804647657972
2024-01-24,S005,P0009,131.1164022104985
2024-01-25,S005,P0009,115.1856650496136
2024-01-26,S005,P0009,99.10029517254542
2024-01-27,S005,P0009,111.4241867645777
2024-01-28,S005,P0009,98.173635594724
2024-01-29,S005,P0009,98.173635594724
2024-01-30,S005,P0009,86.83427802593006
2024-01-03,S005,P0010,64.34608964021409
2024-01-04,S005,P0010,76.98889697219806
2024-01-05,S005,P0010,93.21580706363845
2024-01-06,S005,P0010,63.52236648734496
2024-01-07,S005,P0010,76.98889697219806
2024-01-08,S005,P0010,64.34608964021409
2024-01-09,S005,P0010,87.14049341636492
2024-01-10,S005,P0010,109.48954005367469
2024-01-11,S005,P0010,87.99538318483222
2024-01-12,S005,P0010,100.3670145615786
2024-01-13,S005,P0010,109.53583784111304
2024-01-14,S005,P0010,87.60087948314379
2024-01-15,S005,P0010,100.60510032889225
2024-01-16,S005,P0010,109.7339402295925
2024-01-17,S005,P0010,124.06419280309437
2024-01-18,S005,P0010,111.06414922406108
2024-01-19,S005,P0010,88.78370351967236
2024-01-20,S005,P0010,113.13774873267006
2024-01-21,S005,P0010,125.7467363964886
2024-01-22,S005,P0010,114.8167180591237
2024-01-23,S005,P0010,89.71276049954757
2024-01-24,S005,P0010,135.0742569116943
2024-01-25,S005,P0010,113.32089077612876
2024-01-26,S005,P0010,100.84504933361949
2024-01-27,S005,P0010,109.55666187263297
2024-01-28,S005,P0010,100.43219676184926
2024-01-29,S005,P0010,100.3670145615786
2024-01-30,S005,P0010,83.90622459241742
2024-01-03,S005,P0011,59.20405854836107
2024-01-04,S005,P0011,55.321798851327735
2024-01-05,S005,P0011,71.35205761988531
2024-01-06,S005,P0011,59.236231946082455
2024-01-07,S005,P0011,43.616368056031305
2024-01-08,S005,P0011,45.06638143839956
2024-01-09,S005,P0011,76.40648287486172
2024-01-10,S005,P0011,76.59756107819788
2024-01-11,S005,P0011,97.49846735646274
2024-01-12,S005,P0011,85.79213953482268
2024-01-13,S005,P0011,115.51671406425805
2024-01-14,S005,P0011,76.42465751115489
2024-01-15,S005,P0011,106.98578798286121
2024-01-16,S005,P0011,76.59756107819788
2024-01-17,S005,P0011,106.11505726601453
2024-01-18,S005,P0011,91.85873138737855
2024-01-19,S005,P0011,76.42465751115489
2024-01-20,S005,P0011,119.89129274255573
2024-01-21,S005,P0011,85.12884244133126
2024-01-22,S005,P0011,95.56256593509946
2024-01-23,S005,P0011,76.59756107819788
2024-01-24,S005,P0011,85.7451319708452
2024-01-25,S005,P0011,92.86774280063827
2024-01-26,S005,P0011,84.9178101468207
2024-01-27,S005,P0011,76.14791094798233
2024-01-28,S005,P0011,85.7669817756679
2024-01-29,S005,P0011,86.42304353164566
2024-01-30,S005,P0011,76.73754504478113
2024-01-03,S005,P0012,30.24559331199656
2024-01-04,S005,P0012,29.09492957283503
2024-01-05,S005,P0012,35.39886011289397
2024-01-06,S005,P0012,29.88126360795791
2024-01-07,S005,P0012,34.384415102289964
2024-01-08,S005,P0012,29.93846401677768
2024-01-09,S005,P0012,75.90436565491629
2024-01-10,S005,P0012,60.80451654588374
2024-01-11,S005,P0012,75.90436565491629
2024-01-12,S005,P0012,85.19829297905146
2024-01-13,S005,P0012,93.39997566548493
2024-01-14,S005,P0012,60.51828322080045
2024-01-15,S005,P0012,65.76678040771594
2024-01-16,S005,P0012,60.8826129248391
2024-01-17,S005,P0012,84.94044411629207
2024-01-18,S005,P0012,93.20800066061449
2024-01-19,S005,P0012,60.740395471059664
2024-01-20,S005,P0012,75.25371029744905
2024-01-21,S005,P0012,65.8877829030201
2024-01-22,S005,P0012,93.50240875353691
2024-01-23,S005,P0012,76.07647716182665
2024-01-24,S005,P0012,65.8877829030201
2024-01-25,S005,P0012,92.31057881826293
2024-01-26,S005,P0012,66.16292190138759
2024-01-27,S005,P0012,61.38785636701804
2024-01-28,S005,P0012,66.16292190138759
2024-01-29,S005,P0012,66.56000193278975
2024-01-30,S005,P0012,61.72171308950325
2024-01-03,S005,P0013,67.94512312019495
2024-01-04,S005,P0013,62.660374360494345
2024-01-05,S005,P0013,94.16544330649273
2024-01-06,S005,P0013,64.70744689956996
2024-01-07,S005,P0013,75.49425266374054
2024-01-08,S005,P0013,65.87196719292417
2024-01-09,S005,P0013,112.27176807529827
2024-01-10,S005,P0013,111.74690645368969
2024-01-11,S005,P0013,89.89387767497122
2024-01-12,S005,P0013,103.01203625052455
2024-01-13,S005,P0013,111.6842457478776
2024-01-14,S005,P0013,94.95764394924092
2024-01-15,S005,P0013,102.63995930207385
2024-01-16,S005,P0013,112.43966692216709
2024-01-17,S005,P0013,129.9616881813656
2024-01-18,S005,P0013,110.23953585661272
2024-01-19,S005,P0013,90.74911155087669
2024-01-20,S005,P0013,116.41818721626971
2024-01-21,S005,P0013,103.46814196961137
2024-01-22,S005,P0013,110.62358886299184
2024-01-23,S005,P0013,113.65705049901837
2024-01-24,S005,P0013,103.6302723629124
2024-01-25,S005,P0013,140.96465932294882
2024-01-26,S005,P0013,102.84271988381872
2024-01-27,S005,P0013,112.43966692216709
2024-01-28,S005,P0013,102.84271988381872
2024-01-29,S005,P0013,103.3837108295847
2024-01-30,S005,P0013,89.31169301270991
2024-01-03,S005,P0014,30.141412554761093
2024-01-04,S005,P0014,28.97280336496198
2024-01-05,S005,P0014,44.42178681405611
2024-01-06,S005,P0014,30.344173136505965
2024-01-07,S005,P0014,28.97280336496198
2024-01-08,S005,P0014,30.141412554761093
2024-01-09,S005,P0014,76.38990753117356
2024-01-10,S005,P0014,60.7950606208299
2024-01-11,S005,P0014,60.65284316705046
2024-01-12,S005,P0014,66.46547667792144
2024-01-13,S005,P0014,73.07846520271644
2024-01-14,S005,P0014,60.7950606208299
2024-01-15,S005,P0014,66.46547667792144
2024-01-16,S005,P0014,76.48113392591956
2024-01-17,S005,P0014,66.30906808290479
2024-01-18,S005,P0014,94.06391446824196
2024-01-19,S005,P0014,76.56166384545236
2024-01-20,S005,P0014,94.69446366688585
2024-01-21,S005,P0014,85.07958342023468
2024-01-22,S005,P0014,94.31952565443063
2024-01-23,S005,P0014,60.7950606208299
2024-01-24,S005,P0014,65.7502601818932
2024-01-25,S005,P0014,74.4260697894969
2024-01-26,S005,P0014,66.74061567628894
2024-01-27,S005,P0014,76.90198504409051
2024-01-28,S005,P0014,66.74061567628894
2024-01-29,S005,P0014,66.74061567628894
2024-01-30,S005,P0014,61.12043567415091
2024-01-03,S005,P0015,82.77911295927689
2024-01-04,S005,P0015,60.899544037493925
2024-01-05,S005,P0015,73.52402043536254
2024-01-06,S005,P0015,64.12673919858082
2024-01-07,S005,P0015,76.07188335826024
2024-01-08,S005,P0015,64.12673919858082
2024-01-09,S005,P0015,111.404823312689
2024-01-10,S005,P0015,86.82214563051144
2024-01-11,S005,P0015,86.86915319448893
2024-01-12,S005,P0015,129.44684257781816
2024-01-13,S005,P0015,138.41938425149038
2024-01-14,S005,P0015,86.82214563051144
2024-01-15,S005,P0015,98.9696591321275
2024-01-16,S005,P0015,86.56075388529047
2024-01-17,S005,P0015,99.11110276854103
2024-01-18,S005,P0015,107.2021128529942
2024-01-19,S005,P0015,87.12584691438659
2024-01-20,S005,P0015,139.73768049106042
2024-01-21,S005,P0015,99.02456797201704
2024-01-22,S005,P0015,107.95377167981883
2024-01-23,S005,P0015,86.47421908876647
2024-01-24,S005,P0015,99.11110276854103
2024-01-25,S005,P0015,107.55003939473917
2024-01-26,S005,P0015,128.54751789632428
2024-01-27,S005,P0015,116.80328683147144
2024-01-28,S005,P0015,135.34289541569825
2024-01-29,S005,P0015,99.50041239454069
2024-01-30,S005,P0015,90.74703635170167
2024-01-03,S005,P0016,27.839327836212153
2024-01-04,S005,P0016,26.247004085283717
2024-01-05,S005,P0016,31.589257682466805
2024-01-06,S005,P0016,27.296716583518677
2024-01-07,S005,P0016,33.07572051900345
2024-01-08,S005,P0016,36.82287289118533
2024-01-09,S005,P0016,97.30981475306828
2024-01-10,S005,P0016,97.30981475306828
2024-01-11,S005,P0016,77.93474130644172
2024-01-12,S005,P0016,84.84707470384049
2024-01-13,S005,P0016,115.32049109425654
2024-01-14,S005,P0016,97.30981475306828
2024-01-15,S005,P0016,109.44729302415526
2024-01-16,S005,P0016,97.30981475306828
2024-01-17,S005,P0016,87.98184950156173
2024-01-18,S005,P0016,115.61524256625516
2024-01-19,S005,P0016,79.63228300950968
2024-01-20,S005,P0016,93.62913919150512
2024-01-21,S005,P0016,88.21317078568961
2024-01-22,S005,P0016,93.02166943568675
2024-01-23,S005,P0016,97.30981475306828
2024-01-24,S005,P0016,85.15969340324804
2024-01-25,S005,P0016,89.77341252374117
2024-01-26,S005,P0016,85.6384663837606
2024-01-27,S005,P0016,77.79627028417302
2024-01-28,S005,P0016,84.17189690700346
2024-01-29,S005,P0016,85.37977594264584
2024-01-30,S005,P0016,78.74175092564782
2024-01-03,S005,P0017,27.705460781225685
2024-01-04,S005,P0017,26.14706265249546
2024-01-05,S005,P0017,41.29893420475042
2024-01-06,S005,P0017,27.30630816206999
2024-01-07,S005,P0017,26.14706265249546
2024-01-08,S005,P0017,36.210195902221805
2024-01-09,S005,P0017,75.72878252137764
2024-01-10,S005,P0017,92.40351683847449
2024-01-11,S005,P0017,75.72878252137764
2024-01-12,S005,P0017,83.03478962284613
2024-01-13,S005,P0017,110.28870642932498
2024-01-14,S005,P0017,75.72878252137764
2024-01-15,S005,P0017,83.08179718682362
2024-01-16,S005,P0017,75.6250129319314
2024-01-17,S005,P0017,82.21106646997694
2024-01-18,S005,P0017,88.5949608179057
2024-01-19,S005,P0017,75.93154310312251
2024-01-20,S005,P0017,112.65508230269286
2024-01-21,S005,P0017,103.13207857231649
2024-01-22,S005,P0017,112.65508230269286
2024-01-23,S005,P0017,75.5780053679539
2024-01-24,S005,P0017,102.44778779746869
2024-01-25,S005,P0017,88.6635608759124
2024-01-26,S005,P0017,84.35750949907235
2024-01-27,S005,P0017,90.74365443034743
2024-01-28,S005,P0017,101.89191027913267
2024-01-29,S005,P0017,83.29114331611049
2024-01-30,S005,P0017,75.18063142682861
2024-01-03,S005,P0018,83.75452388672628
2024-01-04,S005,P0018,95.93516814200783
2024-01-05,S005,P0018,108.98971217643296
2024-01-06,S005,P0018,84.49024996396446
2024-01-07,S005,P0018,80.31545687203372
2024-01-08,S005,P0018,84.57824703959547
2024-01-09,S005,P0018,78.35336119068633
2024-01-10,S005,P0018,77.47843053909598
2024-01-11,S005,P0018,94.57250449947905
2024-01-12,S005,P0018,102.78835086168495
2024-01-13,S005,P0018,90.51310884914884
2024-01-14,S005,P0018,77.23026002583183
2024-01-15,S005,P0018,84.48121029632532
2024-01-16,S005,P0018,77.66765555685292
2024-01-17,S005,P0018,85.1259264185052
2024-01-18,S005,P0018,91.24582204695973
2024-01-19,S005,P0018,94.44483595952495
2024-01-20,S005,P0018,90.61464188687216
2024-01-21,S005,P0018,84.54175342429073
2024-01-22,S005,P0018,108.80893590538776
2024-01-23,S005,P0018,77.62064799287543
2024-01-24,S005,P0018,84.48121029632532
2024-01-25,S005,P0018,90.51310884914884
2024-01-26,S005,P0018,102.78835086168495
2024-01-27,S005,P0018,93.89099880038931
2024-01-28,S005,P0018,109.09702271090546
2024-01-29,S005,P0018,84.7770490959299
2024-01-30,S005,P0018,80.1135877062728
2024-01-03,S005,P0019,30.113084137325973
2024-01-04,S005,P0019,29.075113289964946
2024-01-05,S005,P0019,42.00763311838482
2024-01-06,S005,P0019,30.167992977215484
2024-01-07,S005,P0019,35.30909891926289
2024-01-08,S005,P0019,37.17896758292502
2024-01-09,S005,P0019,75.67143015061819
2024-01-10,S005,P0019,60.52948786228746
2024-01-11,S005,P0019,60.584396702176974
2024-01-12,S005,P0019,65.446279213692
2024-01-13,S005,P0019,90.38819402586073
2024-01-14,S005,P0019,60.52948786228746
2024-01-15,S005,P0019,65.54819561755902
2024-01-16,S005,P0019,60.49317030743098
2024-01-17,S005,P0019,65.37351951362743
2024-01-18,S005,P0019,91.18112880549207
2024-01-19,S005,P0019,60.45672816222287
2024-01-20,S005,P0019,73.05040678664163
2024-01-21,S005,P0019,65.37351951362743
2024-01-22,S005,P0019,90.23935475294607
2024-01-23,S005,P0019,60.45672816222287
2024-01-24,S005,P0019,81.12765721068958
2024-01-25,S005,P0019,91.35614296218374
2024-01-26,S005,P0019,81.55396398225574
2024-01-27,S005,P0019,60.34599191007622
2024-01-28,S005,P0019,65.2995494081369
2024-01-29,S005,P0019,65.2995494081369
2024-01-30,S005,P0019,61.38147858309862
2024-01-03,S005,P0020,27.50289374401246
2024-01-04,S005,P0020,26.305611537893967
2024-01-05,S005,P0020,41.25611973136974
2024-01-06,S005,P0020,36.44894963488366
2024-01-07,S005,P0020,26.305611537893967
2024-01-08,S005,P0020,36.49595719886114
2024-01-09,S005,P0020,75.65802352064709
2024-01-10,S005,P0020,75.86815939312072
2024-01-11,S005,P0020,76.22169712828932
2024-01-12,S005,P0020,83.57674450310475
2024-01-13,S005,P0020,88.42337527048218
2024-01-14,S005,P0020,94.58151209660437
2024-01-15,S005,P0020,83.76782270644091
2024-01-16,S005,P0020,75.86815939312072
2024-01-17,S005,P0020,83.52973693912726
2024-01-18,S005,P0020,108.77928718010374
2024-01-19,S005,P0020,75.91516695709821
2024-01-20,S005,P0020,89.87407236470771
2024-01-21,S005,P0020,100.9717139333555
2024-01-22,S005,P0020,108.73227961612625
2024-01-23,S005,P0020,75.91516695709821
2024-01-24,S005,P0020,100.75814594601223
2024-01-25,S005,P0020,88.40501311355781
2024-01-26,S005,P0020,83.03855195744087
2024-01-27,S005,P0020,75.52159737522669
2024-01-28,S005,P0020,101.68295465466366
2024-01-29,S005,P0020,85.04362470322639
2024-01-30,S005,P0020,76.14328577914044
