epidemic_days,date,model,forecast
0,2024-01-03,ARIMAX,9387.610573817556
0,2024-01-04,ARIMAX,9270.727225745371
0,2024-01-05,ARIMAX,10731.697930271863
0,2024-01-06,ARIMAX,9594.76864088925
0,2024-01-07,ARIMAX,9270.727225745371
0,2024-01-08,ARIMAX,9900.98999043717
0,2024-01-09,ARIMAX,9030.548064514936
0,2024-01-10,ARIMAX,8997.526970356193
0,2024-01-11,ARIMAX,9543.92748113455
0,2024-01-12,ARIMAX,9416.23738623794
0,2024-01-13,ARIMAX,10079.52124508848
0,2024-01-14,ARIMAX,8858.729701792425
0,2024-01-15,ARIMAX,9383.216292079198
0,2024-01-16,ARIMAX,9347.876587730014
0,2024-01-17,ARIMAX,9281.83439941253
0,2024-01-18,ARIMAX,9856.86172261127
0,2024-01-19,ARIMAX,8880.64362228401
0,2024-01-20,ARIMAX,10687.569662445962
0,2024-01-21,ARIMAX,9314.855493571271
0,2024-01-22,ARIMAX,10068.41407142132
0,2024-01-23,ARIMAX,8891.750795951168
0,2024-01-24,ARIMAX,9872.363178016787
0,2024-01-25,ARIMAX,10202.817058246732
0,2024-01-26,ARIMAX,9689.437641627117
0,2024-01-27,ARIMAX,9693.831923365475
0,2024-01-28,ARIMAX,9806.320989699303
0,2024-01-29,ARIMAX,8708.8252595615
0,2024-01-30,ARIMAX,8351.762750258878
0,2024-01-03,LightGBM,9450.45175634821
0,2024-01-04,LightGBM,9265.57613399632
0,2024-01-05,LightGBM,10866.439600715192
0,2024-01-06,LightGBM,9684.383826229925
0,2024-01-07,LightGBM,9230.748781988967
0,2024-01-08,LightGBM,9953.543248915927
0,2024-01-09,LightGBM,8988.168654000427
0,2024-01-10,LightGBM,8985.550452636071
0,2024-01-11,LightGBM,9504.455275650607
0,2024-01-12,LightGBM,9472.839356931234
0,2024-01-13,LightGBM,10154.045200815248
0,2024-01-14,LightGBM,8845.257177690444
0,2024-01-15,LightGBM,9441.196455630146
0,2024-01-16,LightGBM,9356.013928314549
0,2024-01-17,LightGBM,9316.014045332557
0,2024-01-18,LightGBM,9876.795846088538
0,2024-01-19,LightGBM,8811.897764716714
0,2024-01-20,LightGBM,10927.129979471745
0,2024-01-21,LightGBM,9381.249199208765
0,2024-01-22,LightGBM,10084.779676833938
0,2024-01-23,LightGBM,8879.929144308184
0,2024-01-24,LightGBM,9857.000931034218
0,2024-01-25,LightGBM,10231.260383316443
0,2024-01-26,LightGBM,9670.469514933777
0,2024-01-27,LightGBM,9612.164261415037
0,2024-01-28,LightGBM,9838.40453598746
0,2024-01-29,LightGBM,8686.267239708299
0,2024-01-30,LightGBM,8264.89471578059
0,2024-01-03,Ridge,9306.280611539014
0,2024-01-04,Ridge,9184.616622578134
0,2024-01-05,Ridge,10632.432610583923
0,2024-01-06,Ridge,9537.603457793746
0,2024-01-07,Ridge,9185.525862768187
0,2024-01-08,Ridge,9819.42363564789
0,2024-01-09,Ridge,8938.868210007788
0,2024-01-10,Ridge,8922.341046185113
0,2024-01-11,Ridge,9451.282915407293
0,2024-01-12,Ridge,9355.221993690642
0,2024-01-13,Ridge,10006.205265257517
0,2024-01-14,Ridge,8806.582808689102
0,2024-01-15,Ridge,9339.968976036995
0,2024-01-16,Ridge,9244.804500640648
0,2024-01-17,Ridge,9211.69382770302
0,2024-01-18,Ridge,9786.772043946443
0,2024-01-19,Ridge,8805.915746539062
0,2024-01-20,Ridge,10602.469910554348
0,2024-01-21,Ridge,9232.093397823715
0,2024-01-22,Ridge,9992.081006868451
0,2024-01-23,Ridge,8831.094516361418
0,2024-01-24,Ridge,9785.08792622913
0,2024-01-25,Ridge,10142.140722119857
0,2024-01-26,Ridge,9631.828490765847
0,2024-01-27,Ridge,9604.318916888224
0,2024-01-28,Ridge,9756.56272182874
0,2024-01-29,Ridge,8683.253500053901
0,2024-01-30,Ridge,8315.480885307472
0,2024-01-03,Ensemble zwykła średnia,9381.447647234927
0,2024-01-04,Ensemble zwykła średnia,9240.306660773274
0,2024-01-05,Ensemble zwykła średnia,10743.523380523658
0,2024-01-06,Ensemble zwykła średnia,9605.585308304306
0,2024-01-07,Ensemble zwykła średnia,9229.000623500842
0,2024-01-08,Ensemble zwykła średnia,9891.318958333663
0,2024-01-09,Ensemble zwykła średnia,8985.861642841051
0,2024-01-10,Ensemble zwykła średnia,8968.472823059126
0,2024-01-11,Ensemble zwykła średnia,9499.888557397482
0,2024-01-12,Ensemble zwykła średnia,9414.76624561994
0,2024-01-13,Ensemble zwykła średnia,10079.923903720415
0,2024-01-14,Ensemble zwykła średnia,8836.85656272399
0,2024-01-15,Ensemble zwykła średnia,9388.12724124878
0,2024-01-16,Ensemble zwykła średnia,9316.231672228403
0,2024-01-17,Ensemble zwykła średnia,9269.84742414937
0,2024-01-18,Ensemble zwykła średnia,9840.143204215417
0,2024-01-19,Ensemble zwykła średnia,8832.819044513262
0,2024-01-20,Ensemble zwykła średnia,10739.056517490686
0,2024-01-21,Ensemble zwykła średnia,9309.399363534583
0,2024-01-22,Ensemble zwykła średnia,10048.42491837457
0,2024-01-23,Ensemble zwykła średnia,8867.591485540257
0,2024-01-24,Ensemble zwykła średnia,9838.150678426711
0,2024-01-25,Ensemble zwykła średnia,10192.072721227678
0,2024-01-26,Ensemble zwykła średnia,9663.911882442248
0,2024-01-27,Ensemble zwykła średnia,9636.771700556244
0,2024-01-28,Ensemble zwykła średnia,9800.429415838502
0,2024-01-29,Ensemble zwykła średnia,8692.781999774566
0,2024-01-30,Ensemble zwykła średnia,8310.712783782314
0,2024-01-03,Ensemble ważona średnia,9341.03021658957
0,2024-01-04,Ensemble ważona średnia,9214.240224511763
0,2024-01-05,Ensemble ważona średnia,10680.649639519033
0,2024-01-06,Ensemble ważona średnia,9566.57279041124
0,2024-01-07,Ensemble ważona średnia,9211.348495434562
0,2024-01-08,Ensemble ważona średnia,9853.227185672014
0,2024-01-09,Ensemble ważona średnia,8966.718218033839
0,2024-01-10,Ensemble ważona średnia,8947.458467872979
0,2024-01-11,Ensemble ważona średnia,9479.761292863439
0,2024-01-12,Ensemble ważona średnia,9382.237578151526
0,2024-01-13,Ensemble ważona średnia,10039.31825377103
0,2024-01-14,Ensemble ważona średnia,8823.486968865067
0,2024-01-15,Ensemble ważona średnia,9360.903553006861
0,2024-01-16,Ensemble ważona średnia,9281.69346518038
0,2024-01-17,Ensemble ważona średnia,9239.660992393352
0,2024-01-18,Ensemble ważona średnia,9813.29684382686
0,2024-01-19,Ensemble ważona średnia,8825.195917293064
0,2024-01-20,Ensemble ważona średnia,10656.21085541899
0,2024-01-21,Ensemble ważona średnia,9267.69950189911
0,2024-01-22,Ensemble ważona średnia,10020.434140003217
0,2024-01-23,Ensemble ważona średnia,8851.142049053533
0,2024-01-24,Ensemble ważona średnia,9814.098039656552
0,2024-01-25,Ensemble ważona średnia,10166.221772271234
0,2024-01-26,Ensemble ważona średnia,9650.09488089796
0,2024-01-27,Ensemble ważona średnia,9627.481702960218
0,2024-01-28,Ensemble ważona średnia,9777.186470212253
0,2024-01-29,Ensemble ważona średnia,8689.94781389624
0,2024-01-30,Ensemble ważona średnia,8319.492734592635
1,2024-01-03,ARIMAX,6032.699232590549
1,2024-01-04,ARIMAX,9270.727225745371
1,2024-01-05,ARIMAX,10731.697930271863
1,2024-01-06,ARIMAX,9594.76864088925
1,2024-01-07,ARIMAX,9270.727225745371
1,2024-01-08,ARIMAX,9900.98999043717
1,2024-01-09,ARIMAX,9030.548064514936
1,2024-01-10,ARIMAX,8997.526970356193
1,2024-01-11,ARIMAX,9543.92748113455
1,2024-01-12,ARIMAX,9416.23738623794
1,2024-01-13,ARIMAX,10079.52124508848
1,2024-01-14,ARIMAX,8858.729701792425
1,2024-01-15,ARIMAX,9383.216292079198
1,2024-01-16,ARIMAX,9347.876587730014
1,2024-01-17,ARIMAX,9281.83439941253
1,2024-01-18,ARIMAX,9856.86172261127
1,2024-01-19,ARIMAX,8880.64362228401
1,2024-01-20,ARIMAX,10687.569662445962
1,2024-01-21,ARIMAX,9314.855493571271
1,2024-01-22,ARIMAX,10068.41407142132
1,2024-01-23,ARIMAX,8891.750795951168
1,2024-01-24,ARIMAX,9872.363178016787
1,2024-01-25,ARIMAX,10202.817058246732
1,2024-01-26,ARIMAX,9689.437641627117
1,2024-01-27,ARIMAX,9693.831923365475
1,2024-01-28,ARIMAX,9806.320989699303
1,2024-01-29,ARIMAX,8708.8252595615
1,2024-01-30,ARIMAX,8351.762750258878
1,2024-01-03,LightGBM,5995.646270568879
1,2024-01-04,LightGBM,9265.57613399632
1,2024-01-05,LightGBM,10866.439600715192
1,2024-01-06,LightGBM,9684.383826229925
1,2024-01-07,LightGBM,9230.748781988967
1,2024-01-08,LightGBM,9953.543248915927
1,2024-01-09,LightGBM,8988.168654000427
1,2024-01-10,LightGBM,8985.550452636071
1,2024-01-11,LightGBM,9504.455275650607
1,2024-01-12,LightGBM,9472.839356931234
1,2024-01-13,LightGBM,10154.045200815248
1,2024-01-14,LightGBM,8845.257177690444
1,2024-01-15,LightGBM,9441.196455630146
1,2024-01-16,LightGBM,9356.013928314549
1,2024-01-17,LightGBM,9316.014045332557
1,2024-01-18,LightGBM,9876.795846088538
1,2024-01-19,LightGBM,8811.897764716714
1,2024-01-20,LightGBM,10927.129979471745
1,2024-01-21,LightGBM,9381.249199208765
1,2024-01-22,LightGBM,10084.779676833938
1,2024-01-23,LightGBM,8879.929144308184
1,2024-01-24,LightGBM,9857.000931034218
1,2024-01-25,LightGBM,10231.260383316443
1,2024-01-26,LightGBM,9670.469514933777
1,2024-01-27,LightGBM,9612.164261415037
1,2024-01-28,LightGBM,9838.40453598746
1,2024-01-29,LightGBM,8686.267239708299
1,2024-01-30,LightGBM,8264.89471578059
1,2024-01-03,Ridge,5947.844755225618
1,2024-01-04,Ridge,9184.616622578134
1,2024-01-05,Ridge,10632.432610583923
1,2024-01-06,Ridge,9537.603457793746
1,2024-01-07,Ridge,9185.525862768187
1,2024-01-08,Ridge,9819.42363564789
1,2024-01-09,Ridge,8938.868210007788
1,2024-01-10,Ridge,8922.341046185113
1,2024-01-11,Ridge,9451.282915407293
1,2024-01-12,Ridge,9355.221993690642
1,2024-01-13,Ridge,10006.205265257517
1,2024-01-14,Ridge,8806.582808689102
1,2024-01-15,Ridge,9339.968976036995
1,2024-01-16,Ridge,9244.804500640648
1,2024-01-17,Ridge,9211.69382770302
1,2024-01-18,Ridge,9786.772043946443
1,2024-01-19,Ridge,8805.915746539062
1,2024-01-20,Ridge,10602.469910554348
1,2024-01-21,Ridge,9232.093397823715
1,2024-01-22,Ridge,9992.081006868451
1,2024-01-23,Ridge,8831.094516361418
1,2024-01-24,Ridge,9785.08792622913
1,2024-01-25,Ridge,10142.140722119857
1,2024-01-26,Ridge,9631.828490765847
1,2024-01-27,Ridge,9604.318916888224
1,2024-01-28,Ridge,9756.56272182874
1,2024-01-29,Ridge,8683.253500053901
1,2024-01-30,Ridge,8315.480885307472
1,2024-01-03,Ensemble zwykła średnia,5992.063419461682
1,2024-01-04,Ensemble zwykła średnia,9240.306660773274
1,2024-01-05,Ensemble zwykła średnia,10743.523380523658
1,2024-01-06,Ensemble zwykła średnia,9605.585308304306
1,2024-01-07,Ensemble zwykła średnia,9229.000623500842
1,2024-01-08,Ensemble zwykła średnia,9891.318958333663
1,2024-01-09,Ensemble zwykła średnia,8985.861642841051
1,2024-01-10,Ensemble zwykła średnia,8968.472823059126
1,2024-01-11,Ensemble zwykła średnia,9499.888557397482
1,2024-01-12,Ensemble zwykła średnia,9414.76624561994
1,2024-01-13,Ensemble zwykła średnia,10079.923903720415
1,2024-01-14,Ensemble zwykła średnia,8836.85656272399
1,2024-01-15,Ensemble zwykła średnia,9388.12724124878
1,2024-01-16,Ensemble zwykła średnia,9316.231672228403
1,2024-01-17,Ensemble zwykła średnia,9269.84742414937
1,2024-01-18,Ensemble zwykła średnia,9840.143204215417
1,2024-01-19,Ensemble zwykła średnia,8832.819044513262
1,2024-01-20,Ensemble zwykła średnia,10739.056517490686
1,2024-01-21,Ensemble zwykła średnia,9309.399363534583
1,2024-01-22,Ensemble zwykła średnia,10048.42491837457
1,2024-01-23,Ensemble zwykła średnia,8867.591485540257
1,2024-01-24,Ensemble zwykła średnia,9838.150678426711
1,2024-01-25,Ensemble zwykła średnia,10192.072721227678
1,2024-01-26,Ensemble zwykła średnia,9663.911882442248
1,2024-01-27,Ensemble zwykła średnia,9636.771700556244
1,2024-01-28,Ensemble zwykła średnia,9800.429415838502
1,2024-01-29,Ensemble zwykła średnia,8692.781999774566
1,2024-01-30,Ensemble zwykła średnia,8310.712783782314
1,2024-01-03,Ensemble ważona średnia,5973.838526101177
1,2024-01-04,Ensemble ważona średnia,9214.240224511763
1,2024-01-05,Ensemble ważona średnia,10680.649639519033
1,2024-01-06,Ensemble ważona średnia,9566.57279041124
1,2024-01-07,Ensemble ważona średnia,9211.348495434562
1,2024-01-08,Ensemble ważona średnia,9853.227185672014
1,2024-01-09,Ensemble ważona średnia,8966.718218033839
1,2024-01-10,Ensemble ważona średnia,8947.458467872979
1,2024-01-11,Ensemble ważona średnia,9479.761292863439
1,2024-01-12,Ensemble ważona średnia,9382.237578151526
1,2024-01-13,Ensemble ważona średnia,10039.31825377103
1,2024-01-14,Ensemble ważona średnia,8823.486968865067
1,2024-01-15,Ensemble ważona średnia,9360.903553006861
1,2024-01-16,Ensemble ważona średnia,9281.69346518038
1,2024-01-17,Ensemble ważona średnia,9239.660992393352
1,2024-01-18,Ensemble ważona średnia,9813.29684382686
1,2024-01-19,Ensemble ważona średnia,8825.195917293064
1,2024-01-20,Ensemble ważona średnia,10656.21085541899
1,2024-01-21,Ensemble ważona średnia,9267.69950189911
1,2024-01-22,Ensemble ważona średnia,10020.434140003217
1,2024-01-23,Ensemble ważona średnia,8851.142049053533
1,2024-01-24,Ensemble ważona średnia,9814.098039656552
1,2024-01-25,Ensemble ważona średnia,10166.221772271234
1,2024-01-26,Ensemble ważona średnia,9650.09488089796
1,2024-01-27,Ensemble ważona średnia,9627.481702960218
1,2024-01-28,Ensemble ważona średnia,9777.186470212253
1,2024-01-29,Ensemble ważona średnia,8689.94781389624
1,2024-01-30,Ensemble ważona średnia,8319.492734592635
2,2024-01-03,ARIMAX,6032.699232590549
2,2024-01-04,ARIMAX,5915.815884518365
2,2024-01-05,ARIMAX,10731.697930271863
2,2024-01-06,ARIMAX,9594.76864088925
2,2024-01-07,ARIMAX,9270.727225745371
2,2024-01-08,ARIMAX,9900.98999043717
2,2024-01-09,ARIMAX,9030.548064514936
2,2024-01-10,ARIMAX,8997.526970356193
2,2024-01-11,ARIMAX,9543.92748113455
2,2024-01-12,ARIMAX,9416.23738623794
2,2024-01-13,ARIMAX,10079.52124508848
2,2024-01-14,ARIMAX,8858.729701792425
2,2024-01-15,ARIMAX,9383.216292079198
2,2024-01-16,ARIMAX,9347.876587730014
2,2024-01-17,ARIMAX,9281.83439941253
2,2024-01-18,ARIMAX,9856.86172261127
2,2024-01-19,ARIMAX,8880.64362228401
2,2024-01-20,ARIMAX,10687.569662445962
2,2024-01-21,ARIMAX,9314.855493571271
2,2024-01-22,ARIMAX,10068.41407142132
2,2024-01-23,ARIMAX,8891.750795951168
2,2024-01-24,ARIMAX,9872.363178016787
2,2024-01-25,ARIMAX,10202.817058246732
2,2024-01-26,ARIMAX,9689.437641627117
2,2024-01-27,ARIMAX,9693.831923365475
2,2024-01-28,ARIMAX,9806.320989699303
2,2024-01-29,ARIMAX,8708.8252595615
2,2024-01-30,ARIMAX,8351.762750258878
2,2024-01-03,LightGBM,5995.646270568879
2,2024-01-04,LightGBM,6024.724006277903
2,2024-01-05,LightGBM,10866.439600715192
2,2024-01-06,LightGBM,9684.383826229925
2,2024-01-07,LightGBM,9230.748781988967
2,2024-01-08,LightGBM,9953.543248915927
2,2024-01-09,LightGBM,8988.168654000427
2,2024-01-10,LightGBM,8985.550452636071
2,2024-01-11,LightGBM,9504.455275650607
2,2024-01-12,LightGBM,9472.839356931234
2,2024-01-13,LightGBM,10154.045200815248
2,2024-01-14,LightGBM,8845.257177690444
2,2024-01-15,LightGBM,9441.196455630146
2,2024-01-16,LightGBM,9356.013928314549
2,2024-01-17,LightGBM,9316.014045332557
2,2024-01-18,LightGBM,9876.795846088538
2,2024-01-19,LightGBM,8811.897764716714
2,2024-01-20,LightGBM,10927.129979471745
2,2024-01-21,LightGBM,9381.249199208765
2,2024-01-22,LightGBM,10084.779676833938
2,2024-01-23,LightGBM,8879.929144308184
2,2024-01-24,LightGBM,9857.000931034218
2,2024-01-25,LightGBM,10231.260383316443
2,2024-01-26,LightGBM,9670.469514933777
2,2024-01-27,LightGBM,9612.164261415037
2,2024-01-28,LightGBM,9838.40453598746
2,2024-01-29,LightGBM,8686.267239708299
2,2024-01-30,LightGBM,8264.89471578059
2,2024-01-03,Ridge,5947.844755225618
2,2024-01-04,Ridge,5826.180766264739
2,2024-01-05,Ridge,10632.432610583923
2,2024-01-06,Ridge,9537.603457793746
2,2024-01-07,Ridge,9185.525862768187
2,2024-01-08,Ridge,9819.42363564789
2,2024-01-09,Ridge,8938.868210007788
2,2024-01-10,Ridge,8922.341046185113
2,2024-01-11,Ridge,9451.282915407293
2,2024-01-12,Ridge,9355.221993690642
2,2024-01-13,Ridge,10006.205265257517
2,2024-01-14,Ridge,8806.582808689102
2,2024-01-15,Ridge,9339.968976036995
2,2024-01-16,Ridge,9244.804500640648
2,2024-01-17,Ridge,9211.69382770302
2,2024-01-18,Ridge,9786.772043946443
2,2024-01-19,Ridge,8805.915746539062
2,2024-01-20,Ridge,10602.469910554348
2,2024-01-21,Ridge,9232.093397823715
2,2024-01-22,Ridge,9992.081006868451
2,2024-01-23,Ridge,8831.094516361418
2,2024-01-24,Ridge,9785.08792622913
2,2024-01-25,Ridge,10142.140722119857
2,2024-01-26,Ridge,9631.828490765847
2,2024-01-27,Ridge,9604.318916888224
2,2024-01-28,Ridge,9756.56272182874
2,2024-01-29,Ridge,8683.253500053901
2,2024-01-30,Ridge,8315.480885307472
2,2024-01-03,Ensemble zwykła średnia,5992.063419461682
2,2024-01-04,Ensemble zwykła średnia,5922.240219020336
2,2024-01-05,Ensemble zwykła średnia,10743.523380523658
2,2024-01-06,Ensemble zwykła średnia,9605.585308304306
2,2024-01-07,Ensemble zwykła średnia,9229.000623500842
2,2024-01-08,Ensemble zwykła średnia,9891.318958333663
2,2024-01-09,Ensemble zwykła średnia,8985.861642841051
2,2024-01-10,Ensemble zwykła średnia,8968.472823059126
2,2024-01-11,Ensemble zwykła średnia,9499.888557397482
2,2024-01-12,Ensemble zwykła średnia,9414.76624561994
2,2024-01-13,Ensemble zwykła średnia,10079.923903720415
2,2024-01-14,Ensemble zwykła średnia,8836.85656272399
2,2024-01-15,Ensemble zwykła średnia,9388.12724124878
2,2024-01-16,Ensemble zwykła średnia,9316.231672228403
2,2024-01-17,Ensemble zwykła średnia,9269.84742414937
2,2024-01-18,Ensemble zwykła średnia,9840.143204215417
2,2024-01-19,Ensemble zwykła średnia,8832.819044513262
2,2024-01-20,Ensemble zwykła średnia,10739.056517490686
2,2024-01-21,Ensemble zwykła średnia,9309.399363534583
2,2024-01-22,Ensemble zwykła średnia,10048.42491837457
2,2024-01-23,Ensemble zwykła średnia,8867.591485540257
2,2024-01-24,Ensemble zwykła średnia,9838.150678426711
2,2024-01-25,Ensemble zwykła średnia,10192.072721227678
2,2024-01-26,Ensemble zwykła średnia,9663.911882442248
2,2024-01-27,Ensemble zwykła średnia,9636.771700556244
2,2024-01-28,Ensemble zwykła średnia,9800.429415838502
2,2024-01-29,Ensemble zwykła średnia,8692.781999774566
2,2024-01-30,Ensemble zwykła średnia,8310.712783782314
2,2024-01-03,Ensemble ważona średnia,5973.838526101177
2,2024-01-04,Ensemble ważona średnia,5868.443869829462
2,2024-01-05,Ensemble ważona średnia,10680.649639519033
2,2024-01-06,Ensemble ważona średnia,9566.57279041124
2,2024-01-07,Ensemble ważona średnia,9211.348495434562
2,2024-01-08,Ensemble ważona średnia,9853.227185672014
2,2024-01-09,Ensemble ważona średnia,8966.718218033839
2,2024-01-10,Ensemble ważona średnia,8947.458467872979
2,2024-01-11,Ensemble ważona średnia,9479.761292863439
2,2024-01-12,Ensemble ważona średnia,9382.237578151526
2,2024-01-13,Ensemble ważona średnia,10039.31825377103
2,2024-01-14,Ensemble ważona średnia,8823.486968865067
2,2024-01-15,Ensemble ważona średnia,9360.903553006861
2,2024-01-16,Ensemble ważona średnia,9281.69346518038
2,2024-01-17,Ensemble ważona średnia,9239.660992393352
2,2024-01-18,Ensemble ważona średnia,9813.29684382686
2,2024-01-19,Ensemble ważona średnia,8825.195917293064
2,2024-01-20,Ensemble ważona średnia,10656.21085541899
2,2024-01-21,Ensemble ważona średnia,9267.69950189911
2,2024-01-22,Ensemble ważona średnia,10020.434140003217
2,2024-01-23,Ensemble ważona średnia,8851.142049053533
2,2024-01-24,Ensemble ważona średnia,9814.098039656552
2,2024-01-25,Ensemble ważona średnia,10166.221772271234
2,2024-01-26,Ensemble ważona średnia,9650.09488089796
2,2024-01-27,Ensemble ważona średnia,9627.481702960218
2,2024-01-28,Ensemble ważona średnia,9777.186470212253
2,2024-01-29,Ensemble ważona średnia,8689.94781389624
2,2024-01-30,Ensemble ważona średnia,8319.492734592635
3,2024-01-03,ARIMAX,6032.699232590549
3,2024-01-04,ARIMAX,5915.815884518365
3,2024-01-05,ARIMAX,7376.786589044856
3,2024-01-06,ARIMAX,9594.76864088925
3,2024-01-07,ARIMAX,9270.727225745371
3,2024-01-08,ARIMAX,9900.98999043717
3,2024-01-09,ARIMAX,9030.548064514936
3,2024-01-10,ARIMAX,8997.526970356193
3,2024-01-11,ARIMAX,9543.92748113455
3,2024-01-12,ARIMAX,9416.23738623794
3,2024-01-13,ARIMAX,10079.52124508848
3,2024-01-14,ARIMAX,8858.729701792425
3,2024-01-15,ARIMAX,9383.216292079198
3,2024-01-16,ARIMAX,9347.876587730014
3,2024-01-17,ARIMAX,9281.83439941253
3,2024-01-18,ARIMAX,9856.86172261127
3,2024-01-19,ARIMAX,8880.64362228401
3,2024-01-20,ARIMAX,10687.569662445962
3,2024-01-21,ARIMAX,9314.855493571271
3,2024-01-22,ARIMAX,10068.41407142132
3,2024-01-23,ARIMAX,8891.750795951168
3,2024-01-24,ARIMAX,9872.363178016787
3,2024-01-25,ARIMAX,10202.817058246732
3,2024-01-26,ARIMAX,9689.437641627117
3,2024-01-27,ARIMAX,9693.831923365475
3,2024-01-28,ARIMAX,9806.320989699303
3,2024-01-29,ARIMAX,8708.8252595615
3,2024-01-30,ARIMAX,8351.762750258878
3,2024-01-03,LightGBM,5995.646270568879
3,2024-01-04,LightGBM,6024.724006277903
3,2024-01-05,LightGBM,6935.2810708078605
3,2024-01-06,LightGBM,9684.383826229925
3,2024-01-07,LightGBM,9230.748781988967
3,2024-01-08,LightGBM,9953.543248915927
3,2024-01-09,LightGBM,8988.168654000427
3,2024-01-10,LightGBM,8985.550452636071
3,2024-01-11,LightGBM,9504.455275650607
3,2024-01-12,LightGBM,9472.839356931234
3,2024-01-13,LightGBM,10154.045200815248
3,2024-01-14,LightGBM,8845.257177690444
3,2024-01-15,LightGBM,9441.196455630146
3,2024-01-16,LightGBM,9356.013928314549
3,2024-01-17,LightGBM,9316.014045332557
3,2024-01-18,LightGBM,9876.795846088538
3,2024-01-19,LightGBM,8811.897764716714
3,2024-01-20,LightGBM,10927.129979471745
3,2024-01-21,LightGBM,9381.249199208765
3,2024-01-22,LightGBM,10084.779676833938
3,2024-01-23,LightGBM,8879.929144308184
3,2024-01-24,LightGBM,9857.000931034218
3,2024-01-25,LightGBM,10231.260383316443
3,2024-01-26,LightGBM,9670.469514933777
3,2024-01-27,LightGBM,9612.164261415037
3,2024-01-28,LightGBM,9838.40453598746
3,2024-01-29,LightGBM,8686.267239708299
3,2024-01-30,LightGBM,8264.89471578059
3,2024-01-03,Ridge,5947.844755225618
3,2024-01-04,Ridge,5826.180766264739
3,2024-01-05,Ridge,7273.996754270527
3,2024-01-06,Ridge,9537.603457793746
3,2024-01-07,Ridge,9185.525862768187
3,2024-01-08,Ridge,9819.42363564789
3,2024-01-09,Ridge,8938.868210007788
3,2024-01-10,Ridge,8922.341046185113
3,2024-01-11,Ridge,9451.282915407293
3,2024-01-12,Ridge,9355.221993690642
3,2024-01-13,Ridge,10006.205265257517
3,2024-01-14,Ridge,8806.582808689102
3,2024-01-15,Ridge,9339.968976036995
3,2024-01-16,Ridge,9244.804500640648
3,2024-01-17,Ridge,9211.69382770302
3,2024-01-18,Ridge,9786.772043946443
3,2024-01-19,Ridge,8805.915746539062
3,2024-01-20,Ridge,10602.469910554348
3,2024-01-21,Ridge,9232.093397823715
3,2024-01-22,Ridge,9992.081006868451
3,2024-01-23,Ridge,8831.094516361418
3,2024-01-24,Ridge,9785.08792622913
3,2024-01-25,Ridge,10142.140722119857
3,2024-01-26,Ridge,9631.828490765847
3,2024-01-27,Ridge,9604.318916888224
3,2024-01-28,Ridge,9756.56272182874
3,2024-01-29,Ridge,8683.253500053901
3,2024-01-30,Ridge,8315.480885307472
3,2024-01-03,Ensemble zwykła średnia,5992.063419461682
3,2024-01-04,Ensemble zwykła średnia,5922.240219020336
3,2024-01-05,Ensemble zwykła średnia,7195.354804707748
3,2024-01-06,Ensemble zwykła średnia,9605.585308304306
3,2024-01-07,Ensemble zwykła średnia,9229.000623500842
3,2024-01-08,Ensemble zwykła średnia,9891.318958333663
3,2024-01-09,Ensemble zwykła średnia,8985.861642841051
3,2024-01-10,Ensemble zwykła średnia,8968.472823059126
3,2024-01-11,Ensemble zwykła średnia,9499.888557397482
3,2024-01-12,Ensemble zwykła średnia,9414.76624561994
3,2024-01-13,Ensemble zwykła średnia,10079.923903720415
3,2024-01-14,Ensemble zwykła średnia,8836.85656272399
3,2024-01-15,Ensemble zwykła średnia,9388.12724124878
3,2024-01-16,Ensemble zwykła średnia,9316.231672228403
3,2024-01-17,Ensemble zwykła średnia,9269.84742414937
3,2024-01-18,Ensemble zwykła średnia,9840.143204215417
3,2024-01-19,Ensemble zwykła średnia,8832.819044513262
3,2024-01-20,Ensemble zwykła średnia,10739.056517490686
3,2024-01-21,Ensemble zwykła średnia,9309.399363534583
3,2024-01-22,Ensemble zwykła średnia,10048.42491837457
3,2024-01-23,Ensemble zwykła średnia,8867.591485540257
3,2024-01-24,Ensemble zwykła średnia,9838.150678426711
3,2024-01-25,Ensemble zwykła średnia,10192.072721227678
3,2024-01-26,Ensemble zwykła średnia,9663.911882442248
3,2024-01-27,Ensemble zwykła średnia,9636.771700556244
3,2024-01-28,Ensemble zwykła średnia,9800.429415838502
3,2024-01-29,Ensemble zwykła średnia,8692.781999774566
3,2024-01-30,Ensemble zwykła średnia,8310.712783782314
3,2024-01-03,Ensemble ważona średnia,5973.838526101177
3,2024-01-04,Ensemble ważona średnia,5868.443869829462
3,2024-01-05,Ensemble ważona średnia,7265.822644617842
3,2024-01-06,Ensemble ważona średnia,9566.57279041124
3,2024-01-07,Ensemble ważona średnia,9211.348495434562
3,2024-01-08,Ensemble ważona średnia,9853.227185672014
3,2024-01-09,Ensemble ważona średnia,8966.718218033839
3,2024-01-10,Ensemble ważona średnia,8947.458467872979
3,2024-01-11,Ensemble ważona średnia,9479.761292863439
3,2024-01-12,Ensemble ważona średnia,9382.237578151526
3,2024-01-13,Ensemble ważona średnia,10039.31825377103
3,2024-01-14,Ensemble ważona średnia,8823.486968865067
3,2024-01-15,Ensemble ważona średnia,9360.903553006861
3,2024-01-16,Ensemble ważona średnia,9281.69346518038
3,2024-01-17,Ensemble ważona średnia,9239.660992393352
3,2024-01-18,Ensemble ważona średnia,9813.29684382686
3,2024-01-19,Ensemble ważona średnia,8825.195917293064
3,2024-01-20,Ensemble ważona średnia,10656.21085541899
3,2024-01-21,Ensemble ważona średnia,9267.69950189911
3,2024-01-22,Ensemble ważona średnia,10020.434140003217
3,2024-01-23,Ensemble ważona średnia,8851.142049053533
3,2024-01-24,Ensemble ważona średnia,9814.098039656552
3,2024-01-25,Ensemble ważona średnia,10166.221772271234
3,2024-01-26,Ensemble ważona średnia,9650.09488089796
3,2024-01-27,Ensemble ważona średnia,9627.481702960218
3,2024-01-28,Ensemble ważona średnia,9777.186470212253
3,2024-01-29,Ensemble ważona średnia,8689.94781389624
3,2024-01-30,Ensemble ważona średnia,8319.492734592635
4,2024-01-03,ARIMAX,6032.699232590549
4,2024-01-04,ARIMAX,5915.815884518365
4,2024-01-05,ARIMAX,7376.786589044856
4,2024-01-06,ARIMAX,6239.857299662244
4,2024-01-07,ARIMAX,9270.727225745371
4,2024-01-08,ARIMAX,9900.98999043717
4,2024-01-09,ARIMAX,9030.548064514936
4,2024-01-10,ARIMAX,8997.526970356193
4,2024-01-11,ARIMAX,9543.92748113455
4,2024-01-12,ARIMAX,9416.23738623794
4,2024-01-13,ARIMAX,10079.52124508848
4,2024-01-14,ARIMAX,8858.729701792425
4,2024-01-15,ARIMAX,9383.216292079198
4,2024-01-16,ARIMAX,9347.876587730014
4,2024-01-17,ARIMAX,9281.83439941253
4,2024-01-18,ARIMAX,9856.86172261127
4,2024-01-19,ARIMAX,8880.64362228401
4,2024-01-20,ARIMAX,10687.569662445962
4,2024-01-21,ARIMAX,9314.855493571271
4,2024-01-22,ARIMAX,10068.41407142132
4,2024-01-23,ARIMAX,8891.750795951168
4,2024-01-24,ARIMAX,9872.363178016787
4,2024-01-25,ARIMAX,10202.817058246732
4,2024-01-26,ARIMAX,9689.437641627117
4,2024-01-27,ARIMAX,9693.831923365475
4,2024-01-28,ARIMAX,9806.320989699303
4,2024-01-29,ARIMAX,8708.8252595615
4,2024-01-30,ARIMAX,8351.762750258878
4,2024-01-03,LightGBM,5995.646270568879
4,2024-01-04,LightGBM,6024.724006277903
4,2024-01-05,LightGBM,6935.2810708078605
4,2024-01-06,LightGBM,6043.9482374031
4,2024-01-07,LightGBM,9230.748781988967
4,2024-01-08,LightGBM,9953.543248915927
4,2024-01-09,LightGBM,8988.168654000427
4,2024-01-10,LightGBM,8985.550452636071
4,2024-01-11,LightGBM,9504.455275650607
4,2024-01-12,LightGBM,9472.839356931234
4,2024-01-13,LightGBM,10154.045200815248
4,2024-01-14,LightGBM,8845.257177690444
4,2024-01-15,LightGBM,9441.196455630146
4,2024-01-16,LightGBM,9356.013928314549
4,2024-01-17,LightGBM,9316.014045332557
4,2024-01-18,LightGBM,9876.795846088538
4,2024-01-19,LightGBM,8811.897764716714
4,2024-01-20,LightGBM,10927.129979471745
4,2024-01-21,LightGBM,9381.249199208765
4,2024-01-22,LightGBM,10084.779676833938
4,2024-01-23,LightGBM,8879.929144308184
4,2024-01-24,LightGBM,9857.000931034218
4,2024-01-25,LightGBM,10231.260383316443
4,2024-01-26,LightGBM,9670.469514933777
4,2024-01-27,LightGBM,9612.164261415037
4,2024-01-28,LightGBM,9838.40453598746
4,2024-01-29,LightGBM,8686.267239708299
4,2024-01-30,LightGBM,8264.89471578059
4,2024-01-03,Ridge,5947.844755225618
4,2024-01-04,Ridge,5826.180766264739
4,2024-01-05,Ridge,7273.996754270527
4,2024-01-06,Ridge,6179.167601480351
4,2024-01-07,Ridge,9185.525862768187
4,2024-01-08,Ridge,9819.42363564789
4,2024-01-09,Ridge,8938.868210007788
4,2024-01-10,Ridge,8922.341046185113
4,2024-01-11,Ridge,9451.282915407293
4,2024-01-12,Ridge,9355.221993690642
4,2024-01-13,Ridge,10006.205265257517
4,2024-01-14,Ridge,8806.582808689102
4,2024-01-15,Ridge,9339.968976036995
4,2024-01-16,Ridge,9244.804500640648
4,2024-01-17,Ridge,9211.69382770302
4,2024-01-18,Ridge,9786.772043946443
4,2024-01-19,Ridge,8805.915746539062
4,2024-01-20,Ridge,10602.469910554348
4,2024-01-21,Ridge,9232.093397823715
4,2024-01-22,Ridge,9992.081006868451
4,2024-01-23,Ridge,8831.094516361418
4,2024-01-24,Ridge,9785.08792622913
4,2024-01-25,Ridge,10142.140722119857
4,2024-01-26,Ridge,9631.828490765847
4,2024-01-27,Ridge,9604.318916888224
4,2024-01-28,Ridge,9756.56272182874
4,2024-01-29,Ridge,8683.253500053901
4,2024-01-30,Ridge,8315.480885307472
4,2024-01-03,Ensemble zwykła średnia,5992.063419461682
4,2024-01-04,Ensemble zwykła średnia,5922.240219020336
4,2024-01-05,Ensemble zwykła średnia,7195.354804707748
4,2024-01-06,Ensemble zwykła średnia,6154.324379515233
4,2024-01-07,Ensemble zwykła średnia,9229.000623500842
4,2024-01-08,Ensemble zwykła średnia,9891.318958333663
4,2024-01-09,Ensemble zwykła średnia,8985.861642841051
4,2024-01-10,Ensemble zwykła średnia,8968.472823059126
4,2024-01-11,Ensemble zwykła średnia,9499.888557397482
4,2024-01-12,Ensemble zwykła średnia,9414.76624561994
4,2024-01-13,Ensemble zwykła średnia,10079.923903720415
4,2024-01-14,Ensemble zwykła średnia,8836.85656272399
4,2024-01-15,Ensemble zwykła średnia,9388.12724124878
4,2024-01-16,Ensemble zwykła średnia,9316.231672228403
4,2024-01-17,Ensemble zwykła średnia,9269.84742414937
4,2024-01-18,Ensemble zwykła średnia,9840.143204215417
4,2024-01-19,Ensemble zwykła średnia,8832.819044513262
4,2024-01-20,Ensemble zwykła średnia,10739.056517490686
4,2024-01-21,Ensemble zwykła średnia,9309.399363534583
4,2024-01-22,Ensemble zwykła średnia,10048.42491837457
4,2024-01-23,Ensemble zwykła średnia,8867.591485540257
4,2024-01-24,Ensemble zwykła średnia,9838.150678426711
4,2024-01-25,Ensemble zwykła średnia,10192.072721227678
4,2024-01-26,Ensemble zwykła średnia,9663.911882442248
4,2024-01-27,Ensemble zwykła średnia,9636.771700556244
4,2024-01-28,Ensemble zwykła średnia,9800.429415838502
4,2024-01-29,Ensemble zwykła średnia,8692.781999774566
4,2024-01-30,Ensemble zwykła średnia,8310.712783782314
4,2024-01-03,Ensemble ważona średnia,5973.838526101177
4,2024-01-04,Ensemble ważona średnia,5868.443869829462
4,2024-01-05,Ensemble ważona średnia,7265.822644617842
4,2024-01-06,Ensemble ważona średnia,6180.818089618099
4,2024-01-07,Ensemble ważona średnia,9211.348495434562
4,2024-01-08,Ensemble ważona średnia,9853.227185672014
4,2024-01-09,Ensemble ważona średnia,8966.718218033839
4,2024-01-10,Ensemble ważona średnia,8947.458467872979
4,2024-01-11,Ensemble ważona średnia,9479.761292863439
4,2024-01-12,Ensemble ważona średnia,9382.237578151526
4,2024-01-13,Ensemble ważona średnia,10039.31825377103
4,2024-01-14,Ensemble ważona średnia,8823.486968865067
4,2024-01-15,Ensemble ważona średnia,9360.903553006861
4,2024-01-16,Ensemble ważona średnia,9281.69346518038
4,2024-01-17,Ensemble ważona średnia,9239.660992393352
4,2024-01-18,Ensemble ważona średnia,9813.29684382686
4,2024-01-19,Ensemble ważona średnia,8825.195917293064
4,2024-01-20,Ensemble ważona średnia,10656.21085541899
4,2024-01-21,Ensemble ważona średnia,9267.69950189911
4,2024-01-22,Ensemble ważona średnia,10020.434140003217
4,2024-01-23,Ensemble ważona średnia,8851.142049053533
4,2024-01-24,Ensemble ważona średnia,9814.098039656552
4,2024-01-25,Ensemble ważona średnia,10166.221772271234
4,2024-01-26,Ensemble ważona średnia,9650.09488089796
4,2024-01-27,Ensemble ważona średnia,9627.481702960218
4,2024-01-28,Ensemble ważona średnia,9777.186470212253
4,2024-01-29,Ensemble ważona średnia,8689.94781389624
4,2024-01-30,Ensemble ważona średnia,8319.492734592635
5,2024-01-03,ARIMAX,6032.699232590549
5,2024-01-04,ARIMAX,5915.815884518365
5,2024-01-05,ARIMAX,7376.786589044856
5,2024-01-06,ARIMAX,6239.857299662244
5,2024-01-07,ARIMAX,5915.815884518365
5,2024-01-08,ARIMAX,9900.98999043717
5,2024-01-09,ARIMAX,9030.548064514936
5,2024-01-10,ARIMAX,8997.526970356193
5,2024-01-11,ARIMAX,9543.92748113455
5,2024-01-12,ARIMAX,9416.23738623794
5,2024-01-13,ARIMAX,10079.52124508848
5,2024-01-14,ARIMAX,8858.729701792425
5,2024-01-15,ARIMAX,9383.216292079198
5,2024-01-16,ARIMAX,9347.876587730014
5,2024-01-17,ARIMAX,9281.83439941253
5,2024-01-18,ARIMAX,9856.86172261127
5,2024-01-19,ARIMAX,8880.64362228401
5,2024-01-20,ARIMAX,10687.569662445962
5,2024-01-21,ARIMAX,9314.855493571271
5,2024-01-22,ARIMAX,10068.41407142132
5,2024-01-23,ARIMAX,8891.750795951168
5,2024-01-24,ARIMAX,9872.363178016787
5,2024-01-25,ARIMAX,10202.817058246732
5,2024-01-26,ARIMAX,9689.437641627117
5,2024-01-27,ARIMAX,9693.831923365475
5,2024-01-28,ARIMAX,9806.320989699303
5,2024-01-29,ARIMAX,8708.8252595615
5,2024-01-30,ARIMAX,8351.762750258878
5,2024-01-03,LightGBM,5995.646270568879
5,2024-01-04,LightGBM,6024.724006277903
5,2024-01-05,LightGBM,6935.2810708078605
5,2024-01-06,LightGBM,6043.9482374031
5,2024-01-07,LightGBM,6012.910880937574
5,2024-01-08,LightGBM,9953.543248915927
5,2024-01-09,LightGBM,8988.168654000427
5,2024-01-10,LightGBM,8985.550452636071
5,2024-01-11,LightGBM,9504.455275650607
5,2024-01-12,LightGBM,9472.839356931234
5,2024-01-13,LightGBM,10154.045200815248
5,2024-01-14,LightGBM,8845.257177690444
5,2024-01-15,LightGBM,9441.196455630146
5,2024-01-16,LightGBM,9356.013928314549
5,2024-01-17,LightGBM,9316.014045332557
5,2024-01-18,LightGBM,9876.795846088538
5,2024-01-19,LightGBM,8811.897764716714
5,2024-01-20,LightGBM,10927.129979471745
5,2024-01-21,LightGBM,9381.249199208765
5,2024-01-22,LightGBM,10084.779676833938
5,2024-01-23,LightGBM,8879.929144308184
5,2024-01-24,LightGBM,9857.000931034218
5,2024-01-25,LightGBM,10231.260383316443
5,2024-01-26,LightGBM,9670.469514933777
5,2024-01-27,LightGBM,9612.164261415037
5,2024-01-28,LightGBM,9838.40453598746
5,2024-01-29,LightGBM,8686.267239708299
5,2024-01-30,LightGBM,8264.89471578059
5,2024-01-03,Ridge,5947.844755225618
5,2024-01-04,Ridge,5826.180766264739
5,2024-01-05,Ridge,7273.996754270527
5,2024-01-06,Ridge,6179.167601480351
5,2024-01-07,Ridge,5827.090006454793
5,2024-01-08,Ridge,9819.42363564789
5,2024-01-09,Ridge,8938.868210007788
5,2024-01-10,Ridge,8922.341046185113
5,2024-01-11,Ridge,9451.282915407293
5,2024-01-12,Ridge,9355.221993690642
5,2024-01-13,Ridge,10006.205265257517
5,2024-01-14,Ridge,8806.582808689102
5,2024-01-15,Ridge,9339.968976036995
5,2024-01-16,Ridge,9244.804500640648
5,2024-01-17,Ridge,9211.69382770302
5,2024-01-18,Ridge,9786.772043946443
5,2024-01-19,Ridge,8805.915746539062
5,2024-01-20,Ridge,10602.469910554348
5,2024-01-21,Ridge,9232.093397823715
5,2024-01-22,Ridge,9992.081006868451
5,2024-01-23,Ridge,8831.094516361418
5,2024-01-24,Ridge,9785.08792622913
5,2024-01-25,Ridge,10142.140722119857
5,2024-01-26,Ridge,9631.828490765847
5,2024-01-27,Ridge,9604.318916888224
5,2024-01-28,Ridge,9756.56272182874
5,2024-01-29,Ridge,8683.253500053901
5,2024-01-30,Ridge,8315.480885307472
5,2024-01-03,Ensemble zwykła średnia,5992.063419461682
5,2024-01-04,Ensemble zwykła średnia,5922.240219020336
5,2024-01-05,Ensemble zwykła średnia,7195.354804707748
5,2024-01-06,Ensemble zwykła średnia,6154.324379515233
5,2024-01-07,Ensemble zwykła średnia,5918.605590636911
5,2024-01-08,Ensemble zwykła średnia,9891.318958333663
5,2024-01-09,Ensemble zwykła średnia,8985.861642841051
5,2024-01-10,Ensemble zwykła średnia,8968.472823059126
5,2024-01-11,Ensemble zwykła średnia,9499.888557397482
5,2024-01-12,Ensemble zwykła średnia,9414.76624561994
5,2024-01-13,Ensemble zwykła średnia,10079.923903720415
5,2024-01-14,Ensemble zwykła średnia,8836.85656272399
5,2024-01-15,Ensemble zwykła średnia,9388.12724124878
5,2024-01-16,Ensemble zwykła średnia,9316.231672228403
5,2024-01-17,Ensemble zwykła średnia,9269.84742414937
5,2024-01-18,Ensemble zwykła średnia,9840.143204215417
5,2024-01-19,Ensemble zwykła średnia,8832.819044513262
5,2024-01-20,Ensemble zwykła średnia,10739.056517490686
5,2024-01-21,Ensemble zwykła średnia,9309.399363534583
5,2024-01-22,Ensemble zwykła średnia,10048.42491837457
5,2024-01-23,Ensemble zwykła średnia,8867.591485540257
5,2024-01-24,Ensemble zwykła średnia,9838.150678426711
5,2024-01-25,Ensemble zwykła średnia,10192.072721227678
5,2024-01-26,Ensemble zwykła średnia,9663.911882442248
5,2024-01-27,Ensemble zwykła średnia,9636.771700556244
5,2024-01-28,Ensemble zwykła średnia,9800.429415838502
5,2024-01-29,Ensemble zwykła średnia,8692.781999774566
5,2024-01-30,Ensemble zwykła średnia,8310.712783782314
5,2024-01-03,Ensemble ważona średnia,5973.838526101177
5,2024-01-04,Ensemble ważona średnia,5868.443869829462
5,2024-01-05,Ensemble ważona średnia,7265.822644617842
5,2024-01-06,Ensemble ważona średnia,6180.818089618099
5,2024-01-07,Ensemble ważona średnia,5867.853563418965
5,2024-01-08,Ensemble ważona średnia,9853.227185672014
5,2024-01-09,Ensemble ważona średnia,8966.718218033839
5,2024-01-10,Ensemble ważona średnia,8947.458467872979
5,2024-01-11,Ensemble ważona średnia,9479.761292863439
5,2024-01-12,Ensemble ważona średnia,9382.237578151526
5,2024-01-13,Ensemble ważona średnia,10039.31825377103
5,2024-01-14,Ensemble ważona średnia,8823.486968865067
5,2024-01-15,Ensemble ważona średnia,9360.903553006861
5,2024-01-16,Ensemble ważona średnia,9281.69346518038
5,2024-01-17,Ensemble ważona średnia,9239.660992393352
5,2024-01-18,Ensemble ważona średnia,9813.29684382686
5,2024-01-19,Ensemble ważona średnia,8825.195917293064
5,2024-01-20,Ensemble ważona średnia,10656.21085541899
5,2024-01-21,Ensemble ważona średnia,9267.69950189911
5,2024-01-22,Ensemble ważona średnia,10020.434140003217
5,2024-01-23,Ensemble ważona średnia,8851.142049053533
5,2024-01-24,Ensemble ważona średnia,9814.098039656552
5,2024-01-25,Ensemble ważona średnia,10166.221772271234
5,2024-01-26,Ensemble ważona średnia,9650.09488089796
5,2024-01-27,Ensemble ważona średnia,9627.481702960218
5,2024-01-28,Ensemble ważona średnia,9777.186470212253
5,2024-01-29,Ensemble ważona średnia,8689.94781389624
5,2024-01-30,Ensemble ważona średnia,8319.492734592635
6,2024-01-03,ARIMAX,6032.699232590549
6,2024-01-04,ARIMAX,5915.815884518365
6,2024-01-05,ARIMAX,7376.786589044856
6,2024-01-06,ARIMAX,6239.857299662244
6,2024-01-07,ARIMAX,5915.815884518365
6,2024-01-08,ARIMAX,6546.078649210163
6,2024-01-09,ARIMAX,9030.548064514936
6,2024-01-10,ARIMAX,8997.526970356193
6,2024-01-11,ARIMAX,9543.92748113455
6,2024-01-12,ARIMAX,9416.23738623794
6,2024-01-13,ARIMAX,10079.52124508848
6,2024-01-14,ARIMAX,8858.729701792425
6,2024-01-15,ARIMAX,9383.216292079198
6,2024-01-16,ARIMAX,9347.876587730014
6,2024-01-17,ARIMAX,9281.83439941253
6,2024-01-18,ARIMAX,9856.86172261127
6,2024-01-19,ARIMAX,8880.64362228401
6,2024-01-20,ARIMAX,10687.569662445962
6,2024-01-21,ARIMAX,9314.855493571271
6,2024-01-22,ARIMAX,10068.41407142132
6,2024-01-23,ARIMAX,8891.750795951168
6,2024-01-24,ARIMAX,9872.363178016787
6,2024-01-25,ARIMAX,10202.817058246732
6,2024-01-26,ARIMAX,9689.437641627117
6,2024-01-27,ARIMAX,9693.831923365475
6,2024-01-28,ARIMAX,9806.320989699303
6,2024-01-29,ARIMAX,8708.8252595615
6,2024-01-30,ARIMAX,8351.762750258878
6,2024-01-03,LightGBM,5995.646270568879
6,2024-01-04,LightGBM,6024.724006277903
6,2024-01-05,LightGBM,6935.2810708078605
6,2024-01-06,LightGBM,6043.9482374031
6,2024-01-07,LightGBM,6012.910880937574
6,2024-01-08,LightGBM,6320.5771521613815
6,2024-01-09,LightGBM,8988.168654000427
6,2024-01-10,LightGBM,8985.550452636071
6,2024-01-11,LightGBM,9504.455275650607
6,2024-01-12,LightGBM,9472.839356931234
6,2024-01-13,LightGBM,10154.045200815248
6,2024-01-14,LightGBM,8845.257177690444
6,2024-01-15,LightGBM,9441.196455630146
6,2024-01-16,LightGBM,9356.013928314549
6,2024-01-17,LightGBM,9316.014045332557
6,2024-01-18,LightGBM,9876.795846088538
6,2024-01-19,LightGBM,8811.897764716714
6,2024-01-20,LightGBM,10927.129979471745
6,2024-01-21,LightGBM,9381.249199208765
6,2024-01-22,LightGBM,10084.779676833938
6,2024-01-23,LightGBM,8879.929144308184
6,2024-01-24,LightGBM,9857.000931034218
6,2024-01-25,LightGBM,10231.260383316443
6,2024-01-26,LightGBM,9670.469514933777
6,2024-01-27,LightGBM,9612.164261415037
6,2024-01-28,LightGBM,9838.40453598746
6,2024-01-29,LightGBM,8686.267239708299
6,2024-01-30,LightGBM,8264.89471578059
6,2024-01-03,Ridge,5947.844755225618
6,2024-01-04,Ridge,5826.180766264739
6,2024-01-05,Ridge,7273.996754270527
6,2024-01-06,Ridge,6179.167601480351
6,2024-01-07,Ridge,5827.090006454793
6,2024-01-08,Ridge,6460.987779334497
6,2024-01-09,Ridge,8938.868210007788
6,2024-01-10,Ridge,8922.341046185113
6,2024-01-11,Ridge,9451.282915407293
6,2024-01-12,Ridge,9355.221993690642
6,2024-01-13,Ridge,10006.205265257517
6,2024-01-14,Ridge,8806.582808689102
6,2024-01-15,Ridge,9339.968976036995
6,2024-01-16,Ridge,9244.804500640648
6,2024-01-17,Ridge,9211.69382770302
6,2024-01-18,Ridge,9786.772043946443
6,2024-01-19,Ridge,8805.915746539062
6,2024-01-20,Ridge,10602.469910554348
6,2024-01-21,Ridge,9232.093397823715
6,2024-01-22,Ridge,9992.081006868451
6,2024-01-23,Ridge,8831.094516361418
6,2024-01-24,Ridge,9785.08792622913
6,2024-01-25,Ridge,10142.140722119857
6,2024-01-26,Ridge,9631.828490765847
6,2024-01-27,Ridge,9604.318916888224
6,2024-01-28,Ridge,9756.56272182874
6,2024-01-29,Ridge,8683.253500053901
6,2024-01-30,Ridge,8315.480885307472
6,2024-01-03,Ensemble zwykła średnia,5992.063419461682
6,2024-01-04,Ensemble zwykła średnia,5922.240219020336
6,2024-01-05,Ensemble zwykła średnia,7195.354804707748
6,2024-01-06,Ensemble zwykła średnia,6154.324379515233
6,2024-01-07,Ensemble zwykła średnia,5918.605590636911
6,2024-01-08,Ensemble zwykła średnia,6442.547860235347
6,2024-01-09,Ensemble zwykła średnia,8985.861642841051
6,2024-01-10,Ensemble zwykła średnia,8968.472823059126
6,2024-01-11,Ensemble zwykła średnia,9499.888557397482
6,2024-01-12,Ensemble zwykła średnia,9414.76624561994
6,2024-01-13,Ensemble zwykła średnia,10079.923903720415
6,2024-01-14,Ensemble zwykła średnia,8836.85656272399
6,2024-01-15,Ensemble zwykła średnia,9388.12724124878
6,2024-01-16,Ensemble zwykła średnia,9316.231672228403
6,2024-01-17,Ensemble zwykła średnia,9269.84742414937
6,2024-01-18,Ensemble zwykła średnia,9840.143204215417
6,2024-01-19,Ensemble zwykła średnia,8832.819044513262
6,2024-01-20,Ensemble zwykła średnia,10739.056517490686
6,2024-01-21,Ensemble zwykła średnia,9309.399363534583
6,2024-01-22,Ensemble zwykła średnia,10048.42491837457
6,2024-01-23,Ensemble zwykła średnia,8867.591485540257
6,2024-01-24,Ensemble zwykła średnia,9838.150678426711
6,2024-01-25,Ensemble zwykła średnia,10192.072721227678
6,2024-01-26,Ensemble zwykła średnia,9663.911882442248
6,2024-01-27,Ensemble zwykła średnia,9636.771700556244
6,2024-01-28,Ensemble zwykła średnia,9800.429415838502
6,2024-01-29,Ensemble zwykła średnia,8692.781999774566
6,2024-01-30,Ensemble zwykła średnia,8310.712783782314
6,2024-01-03,Ensemble ważona średnia,5973.838526101177
6,2024-01-04,Ensemble ważona średnia,5868.443869829462
6,2024-01-05,Ensemble ważona średnia,7265.822644617842
6,2024-01-06,Ensemble ważona średnia,6180.818089618099
6,2024-01-07,Ensemble ważona średnia,5867.853563418965
6,2024-01-08,Ensemble ważona średnia,6468.219434086102
6,2024-01-09,Ensemble ważona średnia,8966.718218033839
6,2024-01-10,Ensemble ważona średnia,8947.458467872979
6,2024-01-11,Ensemble ważona średnia,9479.761292863439
6,2024-01-12,Ensemble ważona średnia,9382.237578151526
6,2024-01-13,Ensemble ważona średnia,10039.31825377103
6,2024-01-14,Ensemble ważona średnia,8823.486968865067
6,2024-01-15,Ensemble ważona średnia,9360.903553006861
6,2024-01-16,Ensemble ważona średnia,9281.69346518038
6,2024-01-17,Ensemble ważona średnia,9239.660992393352
6,2024-01-18,Ensemble ważona średnia,9813.29684382686
6,2024-01-19,Ensemble ważona średnia,8825.195917293064
6,2024-01-20,Ensemble ważona średnia,10656.21085541899
6,2024-01-21,Ensemble ważona średnia,9267.69950189911
6,2024-01-22,Ensemble ważona średnia,10020.434140003217
6,2024-01-23,Ensemble ważona średnia,8851.142049053533
6,2024-01-24,Ensemble ważona średnia,9814.098039656552
6,2024-01-25,Ensemble ważona średnia,10166.221772271234
6,2024-01-26,Ensemble ważona średnia,9650.09488089796
6,2024-01-27,Ensemble ważona średnia,9627.481702960218
6,2024-01-28,Ensemble ważona średnia,9777.186470212253
6,2024-01-29,Ensemble ważona średnia,8689.94781389624
6,2024-01-30,Ensemble ważona średnia,8319.492734592635
7,2024-01-03,ARIMAX,6032.699232590549
7,2024-01-04,ARIMAX,5915.815884518365
7,2024-01-05,ARIMAX,7376.786589044856
7,2024-01-06,ARIMAX,6239.857299662244
7,2024-01-07,ARIMAX,5915.815884518365
7,2024-01-08,ARIMAX,6546.078649210163
7,2024-01-09,ARIMAX,5675.636723287929
7,2024-01-10,ARIMAX,8997.526970356193
7,2024-01-11,ARIMAX,9543.92748113455
7,2024-01-12,ARIMAX,9416.23738623794
7,2024-01-13,ARIMAX,10079.52124508848
7,2024-01-14,ARIMAX,8858.729701792425
7,2024-01-15,ARIMAX,9383.216292079198
7,2024-01-16,ARIMAX,9347.876587730014
7,2024-01-17,ARIMAX,9281.83439941253
7,2024-01-18,ARIMAX,9856.86172261127
7,2024-01-19,ARIMAX,8880.64362228401
7,2024-01-20,ARIMAX,10687.569662445962
7,2024-01-21,ARIMAX,9314.855493571271
7,2024-01-22,ARIMAX,10068.41407142132
7,2024-01-23,ARIMAX,8891.750795951168
7,2024-01-24,ARIMAX,9872.363178016787
7,2024-01-25,ARIMAX,10202.817058246732
7,2024-01-26,ARIMAX,9689.437641627117
7,2024-01-27,ARIMAX,9693.831923365475
7,2024-01-28,ARIMAX,9806.320989699303
7,2024-01-29,ARIMAX,8708.8252595615
7,2024-01-30,ARIMAX,8351.762750258878
7,2024-01-03,LightGBM,5995.646270568879
7,2024-01-04,LightGBM,6024.724006277903
7,2024-01-05,LightGBM,6935.2810708078605
7,2024-01-06,LightGBM,6043.9482374031
7,2024-01-07,LightGBM,6012.910880937574
7,2024-01-08,LightGBM,6320.5771521613815
7,2024-01-09,LightGBM,5861.858922212632
7,2024-01-10,LightGBM,8985.550452636071
7,2024-01-11,LightGBM,9504.455275650607
7,2024-01-12,LightGBM,9472.839356931234
7,2024-01-13,LightGBM,10154.045200815248
7,2024-01-14,LightGBM,8845.257177690444
7,2024-01-15,LightGBM,9441.196455630146
7,2024-01-16,LightGBM,9356.013928314549
7,2024-01-17,LightGBM,9316.014045332557
7,2024-01-18,LightGBM,9876.795846088538
7,2024-01-19,LightGBM,8811.897764716714
7,2024-01-20,LightGBM,10927.129979471745
7,2024-01-21,LightGBM,9381.249199208765
7,2024-01-22,LightGBM,10084.779676833938
7,2024-01-23,LightGBM,8879.929144308184
7,2024-01-24,LightGBM,9857.000931034218
7,2024-01-25,LightGBM,10231.260383316443
7,2024-01-26,LightGBM,9670.469514933777
7,2024-01-27,LightGBM,9612.164261415037
7,2024-01-28,LightGBM,9838.40453598746
7,2024-01-29,LightGBM,8686.267239708299
7,2024-01-30,LightGBM,8264.89471578059
7,2024-01-03,Ridge,5947.844755225618
7,2024-01-04,Ridge,5826.180766264739
7,2024-01-05,Ridge,7273.996754270527
7,2024-01-06,Ridge,6179.167601480351
7,2024-01-07,Ridge,5827.090006454793
7,2024-01-08,Ridge,6460.987779334497
7,2024-01-09,Ridge,5580.432353694392
7,2024-01-10,Ridge,8922.341046185113
7,2024-01-11,Ridge,9451.282915407293
7,2024-01-12,Ridge,9355.221993690642
7,2024-01-13,Ridge,10006.205265257517
7,2024-01-14,Ridge,8806.582808689102
7,2024-01-15,Ridge,9339.968976036995
7,2024-01-16,Ridge,9244.804500640648
7,2024-01-17,Ridge,9211.69382770302
7,2024-01-18,Ridge,9786.772043946443
7,2024-01-19,Ridge,8805.915746539062
7,2024-01-20,Ridge,10602.469910554348
7,2024-01-21,Ridge,9232.093397823715
7,2024-01-22,Ridge,9992.081006868451
7,2024-01-23,Ridge,8831.094516361418
7,2024-01-24,Ridge,9785.08792622913
7,2024-01-25,Ridge,10142.140722119857
7,2024-01-26,Ridge,9631.828490765847
7,2024-01-27,Ridge,9604.318916888224
7,2024-01-28,Ridge,9756.56272182874
7,2024-01-29,Ridge,8683.253500053901
7,2024-01-30,Ridge,8315.480885307472
7,2024-01-03,Ensemble zwykła średnia,5992.063419461682
7,2024-01-04,Ensemble zwykła średnia,5922.240219020336
7,2024-01-05,Ensemble zwykła średnia,7195.354804707748
7,2024-01-06,Ensemble zwykła średnia,6154.324379515233
7,2024-01-07,Ensemble zwykła średnia,5918.605590636911
7,2024-01-08,Ensemble zwykła średnia,6442.547860235347
7,2024-01-09,Ensemble zwykła średnia,5705.9759997316505
7,2024-01-10,Ensemble zwykła średnia,8968.472823059126
7,2024-01-11,Ensemble zwykła średnia,9499.888557397482
7,2024-01-12,Ensemble zwykła średnia,9414.76624561994
7,2024-01-13,Ensemble zwykła średnia,10079.923903720415
7,2024-01-14,Ensemble zwykła średnia,8836.85656272399
7,2024-01-15,Ensemble zwykła średnia,9388.12724124878
7,2024-01-16,Ensemble zwykła średnia,9316.231672228403
7,2024-01-17,Ensemble zwykła średnia,9269.84742414937
7,2024-01-18,Ensemble zwykła średnia,9840.143204215417
7,2024-01-19,Ensemble zwykła średnia,8832.819044513262
7,2024-01-20,Ensemble zwykła średnia,10739.056517490686
7,2024-01-21,Ensemble zwykła średnia,9309.399363534583
7,2024-01-22,Ensemble zwykła średnia,10048.42491837457
7,2024-01-23,Ensemble zwykła średnia,8867.591485540257
7,2024-01-24,Ensemble zwykła średnia,9838.150678426711
7,2024-01-25,Ensemble zwykła średnia,10192.072721227678
7,2024-01-26,Ensemble zwykła średnia,9663.911882442248
7,2024-01-27,Ensemble zwykła średnia,9636.771700556244
7,2024-01-28,Ensemble zwykła średnia,9800.429415838502
7,2024-01-29,Ensemble zwykła średnia,8692.781999774566
7,2024-01-30,Ensemble zwykła średnia,8310.712783782314
7,2024-01-03,Ensemble ważona średnia,5973.838526101177
7,2024-01-04,Ensemble ważona średnia,5868.443869829462
7,2024-01-05,Ensemble ważona średnia,7265.822644617842
7,2024-01-06,Ensemble ważona średnia,6180.818089618099
7,2024-01-07,Ensemble ważona średnia,5867.853563418965
7,2024-01-08,Ensemble ważona średnia,6468.219434086102
7,2024-01-09,Ensemble ważona średnia,5632.3761029446005
7,2024-01-10,Ensemble ważona średnia,8947.458467872979
7,2024-01-11,Ensemble ważona średnia,9479.761292863439
7,2024-01-12,Ensemble ważona średnia,9382.237578151526
7,2024-01-13,Ensemble ważona średnia,10039.31825377103
7,2024-01-14,Ensemble ważona średnia,8823.486968865067
7,2024-01-15,Ensemble ważona średnia,9360.903553006861
7,2024-01-16,Ensemble ważona średnia,9281.69346518038
7,2024-01-17,Ensemble ważona średnia,9239.660992393352
7,2024-01-18,Ensemble ważona średnia,9813.29684382686
7,2024-01-19,Ensemble ważona średnia,8825.195917293064
7,2024-01-20,Ensemble ważona średnia,10656.21085541899
7,2024-01-21,Ensemble ważona średnia,9267.69950189911
7,2024-01-22,Ensemble ważona średnia,10020.434140003217
7,2024-01-23,Ensemble ważona średnia,8851.142049053533
7,2024-01-24,Ensemble ważona średnia,9814.098039656552
7,2024-01-25,Ensemble ważona średnia,10166.221772271234
7,2024-01-26,Ensemble ważona średnia,9650.09488089796
7,2024-01-27,Ensemble ważona średnia,9627.481702960218
7,2024-01-28,Ensemble ważona średnia,9777.186470212253
7,2024-01-29,Ensemble ważona średnia,8689.94781389624
7,2024-01-30,Ensemble ważona średnia,8319.492734592635
8,2024-01-03,ARIMAX,6032.699232590549
8,2024-01-04,ARIMAX,5915.815884518365
8,2024-01-05,ARIMAX,7376.786589044856
8,2024-01-06,ARIMAX,6239.857299662244
8,2024-01-07,ARIMAX,5915.815884518365
8,2024-01-08,ARIMAX,6546.078649210163
8,2024-01-09,ARIMAX,5675.636723287929
8,2024-01-10,ARIMAX,5642.615629129187
8,2024-01-11,ARIMAX,9543.92748113455
8,2024-01-12,ARIMAX,9416.23738623794
8,2024-01-13,ARIMAX,10079.52124508848
8,2024-01-14,ARIMAX,8858.729701792425
8,2024-01-15,ARIMAX,9383.216292079198
8,2024-01-16,ARIMAX,9347.876587730014
8,2024-01-17,ARIMAX,9281.83439941253
8,2024-01-18,ARIMAX,9856.86172261127
8,2024-01-19,ARIMAX,8880.64362228401
8,2024-01-20,ARIMAX,10687.569662445962
8,2024-01-21,ARIMAX,9314.855493571271
8,2024-01-22,ARIMAX,10068.41407142132
8,2024-01-23,ARIMAX,8891.750795951168
8,2024-01-24,ARIMAX,9872.363178016787
8,2024-01-25,ARIMAX,10202.817058246732
8,2024-01-26,ARIMAX,9689.437641627117
8,2024-01-27,ARIMAX,9693.831923365475
8,2024-01-28,ARIMAX,9806.320989699303
8,2024-01-29,ARIMAX,8708.8252595615
8,2024-01-30,ARIMAX,8351.762750258878
8,2024-01-03,LightGBM,5995.646270568879
8,2024-01-04,LightGBM,6024.724006277903
8,2024-01-05,LightGBM,6935.2810708078605
8,2024-01-06,LightGBM,6043.9482374031
8,2024-01-07,LightGBM,6012.910880937574
8,2024-01-08,LightGBM,6320.5771521613815
8,2024-01-09,LightGBM,5861.858922212632
8,2024-01-10,LightGBM,5791.569508454638
8,2024-01-11,LightGBM,9504.455275650607
8,2024-01-12,LightGBM,9472.839356931234
8,2024-01-13,LightGBM,10154.045200815248
8,2024-01-14,LightGBM,8845.257177690444
8,2024-01-15,LightGBM,9441.196455630146
8,2024-01-16,LightGBM,9356.013928314549
8,2024-01-17,LightGBM,9316.014045332557
8,2024-01-18,LightGBM,9876.795846088538
8,2024-01-19,LightGBM,8811.897764716714
8,2024-01-20,LightGBM,10927.129979471745
8,2024-01-21,LightGBM,9381.249199208765
8,2024-01-22,LightGBM,10084.779676833938
8,2024-01-23,LightGBM,8879.929144308184
8,2024-01-24,LightGBM,9857.000931034218
8,2024-01-25,LightGBM,10231.260383316443
8,2024-01-26,LightGBM,9670.469514933777
8,2024-01-27,LightGBM,9612.164261415037
8,2024-01-28,LightGBM,9838.40453598746
8,2024-01-29,LightGBM,8686.267239708299
8,2024-01-30,LightGBM,8264.89471578059
8,2024-01-03,Ridge,5947.844755225618
8,2024-01-04,Ridge,5826.180766264739
8,2024-01-05,Ridge,7273.996754270527
8,2024-01-06,Ridge,6179.167601480351
8,2024-01-07,Ridge,5827.090006454793
8,2024-01-08,Ridge,6460.987779334497
8,2024-01-09,Ridge,5580.432353694392
8,2024-01-10,Ridge,5563.905189871717
8,2024-01-11,Ridge,9451.282915407293
8,2024-01-12,Ridge,9355.221993690642
8,2024-01-13,Ridge,10006.205265257517
8,2024-01-14,Ridge,8806.582808689102
8,2024-01-15,Ridge,9339.968976036995
8,2024-01-16,Ridge,9244.804500640648
8,2024-01-17,Ridge,9211.69382770302
8,2024-01-18,Ridge,9786.772043946443
8,2024-01-19,Ridge,8805.915746539062
8,2024-01-20,Ridge,10602.469910554348
8,2024-01-21,Ridge,9232.093397823715
8,2024-01-22,Ridge,9992.081006868451
8,2024-01-23,Ridge,8831.094516361418
8,2024-01-24,Ridge,9785.08792622913
8,2024-01-25,Ridge,10142.140722119857
8,2024-01-26,Ridge,9631.828490765847
8,2024-01-27,Ridge,9604.318916888224
8,2024-01-28,Ridge,9756.56272182874
8,2024-01-29,Ridge,8683.253500053901
8,2024-01-30,Ridge,8315.480885307472
8,2024-01-03,Ensemble zwykła średnia,5992.063419461682
8,2024-01-04,Ensemble zwykła średnia,5922.240219020336
8,2024-01-05,Ensemble zwykła średnia,7195.354804707748
8,2024-01-06,Ensemble zwykła średnia,6154.324379515233
8,2024-01-07,Ensemble zwykła średnia,5918.605590636911
8,2024-01-08,Ensemble zwykła średnia,6442.547860235347
8,2024-01-09,Ensemble zwykła średnia,5705.9759997316505
8,2024-01-10,Ensemble zwykła średnia,5666.030109151848
8,2024-01-11,Ensemble zwykła średnia,9499.888557397482
8,2024-01-12,Ensemble zwykła średnia,9414.76624561994
8,2024-01-13,Ensemble zwykła średnia,10079.923903720415
8,2024-01-14,Ensemble zwykła średnia,8836.85656272399
8,2024-01-15,Ensemble zwykła średnia,9388.12724124878
8,2024-01-16,Ensemble zwykła średnia,9316.231672228403
8,2024-01-17,Ensemble zwykła średnia,9269.84742414937
8,2024-01-18,Ensemble zwykła średnia,9840.143204215417
8,2024-01-19,Ensemble zwykła średnia,8832.819044513262
8,2024-01-20,Ensemble zwykła średnia,10739.056517490686
8,2024-01-21,Ensemble zwykła średnia,9309.399363534583
8,2024-01-22,Ensemble zwykła średnia,10048.42491837457
8,2024-01-23,Ensemble zwykła średnia,8867.591485540257
8,2024-01-24,Ensemble zwykła średnia,9838.150678426711
8,2024-01-25,Ensemble zwykła średnia,10192.072721227678
8,2024-01-26,Ensemble zwykła średnia,9663.911882442248
8,2024-01-27,Ensemble zwykła średnia,9636.771700556244
8,2024-01-28,Ensemble zwykła średnia,9800.429415838502
8,2024-01-29,Ensemble zwykła średnia,8692.781999774566
8,2024-01-30,Ensemble zwykła średnia,8310.712783782314
8,2024-01-03,Ensemble ważona średnia,5973.838526101177
8,2024-01-04,Ensemble ważona średnia,5868.443869829462
8,2024-01-05,Ensemble ważona średnia,7265.822644617842
8,2024-01-06,Ensemble ważona średnia,6180.818089618099
8,2024-01-07,Ensemble ważona średnia,5867.853563418965
8,2024-01-08,Ensemble ważona średnia,6468.219434086102
8,2024-01-09,Ensemble ważona średnia,5632.3761029446005
8,2024-01-10,Ensemble ważona średnia,5606.349231544376
8,2024-01-11,Ensemble ważona średnia,9479.761292863439
8,2024-01-12,Ensemble ważona średnia,9382.237578151526
8,2024-01-13,Ensemble ważona średnia,10039.31825377103
8,2024-01-14,Ensemble ważona średnia,8823.486968865067
8,2024-01-15,Ensemble ważona średnia,9360.903553006861
8,2024-01-16,Ensemble ważona średnia,9281.69346518038
8,2024-01-17,Ensemble ważona średnia,9239.660992393352
8,2024-01-18,Ensemble ważona średnia,9813.29684382686
8,2024-01-19,Ensemble ważona średnia,8825.195917293064
8,2024-01-20,Ensemble ważona średnia,10656.21085541899
8,2024-01-21,Ensemble ważona średnia,9267.69950189911
8,2024-01-22,Ensemble ważona średnia,10020.434140003217
8,2024-01-23,Ensemble ważona średnia,8851.142049053533
8,2024-01-24,Ensemble ważona średnia,9814.098039656552
8,2024-01-25,Ensemble ważona średnia,10166.221772271234
8,2024-01-26,Ensemble ważona średnia,9650.09488089796
8,2024-01-27,Ensemble ważona średnia,9627.481702960218
8,2024-01-28,Ensemble ważona średnia,9777.186470212253
8,2024-01-29,Ensemble ważona średnia,8689.94781389624
8,2024-01-30,Ensemble ważona średnia,8319.492734592635
9,2024-01-03,ARIMAX,6032.699232590549
9,2024-01-04,ARIMAX,5915.815884518365
9,2024-01-05,ARIMAX,7376.786589044856
9,2024-01-06,ARIMAX,6239.857299662244
9,2024-01-07,ARIMAX,5915.815884518365
9,2024-01-08,ARIMAX,6546.078649210163
9,2024-01-09,ARIMAX,5675.636723287929
9,2024-01-10,ARIMAX,5642.615629129187
9,2024-01-11,ARIMAX,6189.016139907543
9,2024-01-12,ARIMAX,9416.23738623794
9,2024-01-13,ARIMAX,10079.52124508848
9,2024-01-14,ARIMAX,8858.729701792425
9,2024-01-15,ARIMAX,9383.216292079198
9,2024-01-16,ARIMAX,9347.876587730014
9,2024-01-17,ARIMAX,9281.83439941253
9,2024-01-18,ARIMAX,9856.86172261127
9,2024-01-19,ARIMAX,8880.64362228401
9,2024-01-20,ARIMAX,10687.569662445962
9,2024-01-21,ARIMAX,9314.855493571271
9,2024-01-22,ARIMAX,10068.41407142132
9,2024-01-23,ARIMAX,8891.750795951168
9,2024-01-24,ARIMAX,9872.363178016787
9,2024-01-25,ARIMAX,10202.817058246732
9,2024-01-26,ARIMAX,9689.437641627117
9,2024-01-27,ARIMAX,9693.831923365475
9,2024-01-28,ARIMAX,9806.320989699303
9,2024-01-29,ARIMAX,8708.8252595615
9,2024-01-30,ARIMAX,8351.762750258878
9,2024-01-03,LightGBM,5995.646270568879
9,2024-01-04,LightGBM,6024.724006277903
9,2024-01-05,LightGBM,6935.2810708078605
9,2024-01-06,LightGBM,6043.9482374031
9,2024-01-07,LightGBM,6012.910880937574
9,2024-01-08,LightGBM,6320.5771521613815
9,2024-01-09,LightGBM,5861.858922212632
9,2024-01-10,LightGBM,5791.569508454638
9,2024-01-11,LightGBM,6224.7339439006755
9,2024-01-12,LightGBM,9472.839356931234
9,2024-01-13,LightGBM,10154.045200815248
9,2024-01-14,LightGBM,8845.257177690444
9,2024-01-15,LightGBM,9441.196455630146
9,2024-01-16,LightGBM,9356.013928314549
9,2024-01-17,LightGBM,9316.014045332557
9,2024-01-18,LightGBM,9876.795846088538
9,2024-01-19,LightGBM,8811.897764716714
9,2024-01-20,LightGBM,10927.129979471745
9,2024-01-21,LightGBM,9381.249199208765
9,2024-01-22,LightGBM,10084.779676833938
9,2024-01-23,LightGBM,8879.929144308184
9,2024-01-24,LightGBM,9857.000931034218
9,2024-01-25,LightGBM,10231.260383316443
9,2024-01-26,LightGBM,9670.469514933777
9,2024-01-27,LightGBM,9612.164261415037
9,2024-01-28,LightGBM,9838.40453598746
9,2024-01-29,LightGBM,8686.267239708299
9,2024-01-30,LightGBM,8264.89471578059
9,2024-01-03,Ridge,5947.844755225618
9,2024-01-04,Ridge,5826.180766264739
9,2024-01-05,Ridge,7273.996754270527
9,2024-01-06,Ridge,6179.167601480351
9,2024-01-07,Ridge,5827.090006454793
9,2024-01-08,Ridge,6460.987779334497
9,2024-01-09,Ridge,5580.432353694392
9,2024-01-10,Ridge,5563.905189871717
9,2024-01-11,Ridge,6092.847059093898
9,2024-01-12,Ridge,9355.221993690642
9,2024-01-13,Ridge,10006.205265257517
9,2024-01-14,Ridge,8806.582808689102
9,2024-01-15,Ridge,9339.968976036995
9,2024-01-16,Ridge,9244.804500640648
9,2024-01-17,Ridge,9211.69382770302
9,2024-01-18,Ridge,9786.772043946443
9,2024-01-19,Ridge,8805.915746539062
9,2024-01-20,Ridge,10602.469910554348
9,2024-01-21,Ridge,9232.093397823715
9,2024-01-22,Ridge,9992.081006868451
9,2024-01-23,Ridge,8831.094516361418
9,2024-01-24,Ridge,9785.08792622913
9,2024-01-25,Ridge,10142.140722119857
9,2024-01-26,Ridge,9631.828490765847
9,2024-01-27,Ridge,9604.318916888224
9,2024-01-28,Ridge,9756.56272182874
9,2024-01-29,Ridge,8683.253500053901
9,2024-01-30,Ridge,8315.480885307472
9,2024-01-03,Ensemble zwykła średnia,5992.063419461682
9,2024-01-04,Ensemble zwykła średnia,5922.240219020336
9,2024-01-05,Ensemble zwykła średnia,7195.354804707748
9,2024-01-06,Ensemble zwykła średnia,6154.324379515233
9,2024-01-07,Ensemble zwykła średnia,5918.605590636911
9,2024-01-08,Ensemble zwykła średnia,6442.547860235347
9,2024-01-09,Ensemble zwykła średnia,5705.9759997316505
9,2024-01-10,Ensemble zwykła średnia,5666.030109151848
9,2024-01-11,Ensemble zwykła średnia,6168.865714300705
9,2024-01-12,Ensemble zwykła średnia,9414.76624561994
9,2024-01-13,Ensemble zwykła średnia,10079.923903720415
9,2024-01-14,Ensemble zwykła średnia,8836.85656272399
9,2024-01-15,Ensemble zwykła średnia,9388.12724124878
9,2024-01-16,Ensemble zwykła średnia,9316.231672228403
9,2024-01-17,Ensemble zwykła średnia,9269.84742414937
9,2024-01-18,Ensemble zwykła średnia,9840.143204215417
9,2024-01-19,Ensemble zwykła średnia,8832.819044513262
9,2024-01-20,Ensemble zwykła średnia,10739.056517490686
9,2024-01-21,Ensemble zwykła średnia,9309.399363534583
9,2024-01-22,Ensemble zwykła średnia,10048.42491837457
9,2024-01-23,Ensemble zwykła średnia,8867.591485540257
9,2024-01-24,Ensemble zwykła średnia,9838.150678426711
9,2024-01-25,Ensemble zwykła średnia,10192.072721227678
9,2024-01-26,Ensemble zwykła średnia,9663.911882442248
9,2024-01-27,Ensemble zwykła średnia,9636.771700556244
9,2024-01-28,Ensemble zwykła średnia,9800.429415838502
9,2024-01-29,Ensemble zwykła średnia,8692.781999774566
9,2024-01-30,Ensemble zwykła średnia,8310.712783782314
9,2024-01-03,Ensemble ważona średnia,5973.838526101177
9,2024-01-04,Ensemble ważona średnia,5868.443869829462
9,2024-01-05,Ensemble ważona średnia,7265.822644617842
9,2024-01-06,Ensemble ważona średnia,6180.818089618099
9,2024-01-07,Ensemble ważona średnia,5867.853563418965
9,2024-01-08,Ensemble ważona średnia,6468.219434086102
9,2024-01-09,Ensemble ważona średnia,5632.3761029446005
9,2024-01-10,Ensemble ważona średnia,5606.349231544376
9,2024-01-11,Ensemble ważona średnia,6130.078017777987
9,2024-01-12,Ensemble ważona średnia,9382.237578151526
9,2024-01-13,Ensemble ważona średnia,10039.31825377103
9,2024-01-14,Ensemble ważona średnia,8823.486968865067
9,2024-01-15,Ensemble ważona średnia,9360.903553006861
9,2024-01-16,Ensemble ważona średnia,9281.69346518038
9,2024-01-17,Ensemble ważona średnia,9239.660992393352
9,2024-01-18,Ensemble ważona średnia,9813.29684382686
9,2024-01-19,Ensemble ważona średnia,8825.195917293064
9,2024-01-20,Ensemble ważona średnia,10656.21085541899
9,2024-01-21,Ensemble ważona średnia,9267.69950189911
9,2024-01-22,Ensemble ważona średnia,10020.434140003217
9,2024-01-23,Ensemble ważona średnia,8851.142049053533
9,2024-01-24,Ensemble ważona średnia,9814.098039656552
9,2024-01-25,Ensemble ważona średnia,10166.221772271234
9,2024-01-26,Ensemble ważona średnia,9650.09488089796
9,2024-01-27,Ensemble ważona średnia,9627.481702960218
9,2024-01-28,Ensemble ważona średnia,9777.186470212253
9,2024-01-29,Ensemble ważona średnia,8689.94781389624
9,2024-01-30,Ensemble ważona średnia,8319.492734592635
10,2024-01-03,ARIMAX,6032.699232590549
10,2024-01-04,ARIMAX,5915.815884518365
10,2024-01-05,ARIMAX,7376.786589044856
10,2024-01-06,ARIMAX,6239.857299662244
10,2024-01-07,ARIMAX,5915.815884518365
10,2024-01-08,ARIMAX,6546.078649210163
10,2024-01-09,ARIMAX,5675.636723287929
10,2024-01-10,ARIMAX,5642.615629129187
10,2024-01-11,ARIMAX,6189.016139907543
10,2024-01-12,ARIMAX,6061.326045010934
10,2024-01-13,ARIMAX,10079.52124508848
10,2024-01-14,ARIMAX,8858.729701792425
10,2024-01-15,ARIMAX,9383.216292079198
10,2024-01-16,ARIMAX,9347.876587730014
10,2024-01-17,ARIMAX,9281.83439941253
10,2024-01-18,ARIMAX,9856.86172261127
10,2024-01-19,ARIMAX,8880.64362228401
10,2024-01-20,ARIMAX,10687.569662445962
10,2024-01-21,ARIMAX,9314.855493571271
10,2024-01-22,ARIMAX,10068.41407142132
10,2024-01-23,ARIMAX,8891.750795951168
10,2024-01-24,ARIMAX,9872.363178016787
10,2024-01-25,ARIMAX,10202.817058246732
10,2024-01-26,ARIMAX,9689.437641627117
10,2024-01-27,ARIMAX,9693.831923365475
10,2024-01-28,ARIMAX,9806.320989699303
10,2024-01-29,ARIMAX,8708.8252595615
10,2024-01-30,ARIMAX,8351.762750258878
10,2024-01-03,LightGBM,5995.646270568879
10,2024-01-04,LightGBM,6024.724006277903
10,2024-01-05,LightGBM,6935.2810708078605
10,2024-01-06,LightGBM,6043.9482374031
10,2024-01-07,LightGBM,6012.910880937574
10,2024-01-08,LightGBM,6320.5771521613815
10,2024-01-09,LightGBM,5861.858922212632
10,2024-01-10,LightGBM,5791.569508454638
10,2024-01-11,LightGBM,6224.7339439006755
10,2024-01-12,LightGBM,5998.370500663123
10,2024-01-13,LightGBM,10154.045200815248
10,2024-01-14,LightGBM,8845.257177690444
10,2024-01-15,LightGBM,9441.196455630146
10,2024-01-16,LightGBM,9356.013928314549
10,2024-01-17,LightGBM,9316.014045332557
10,2024-01-18,LightGBM,9876.795846088538
10,2024-01-19,LightGBM,8811.897764716714
10,2024-01-20,LightGBM,10927.129979471745
10,2024-01-21,LightGBM,9381.249199208765
10,2024-01-22,LightGBM,10084.779676833938
10,2024-01-23,LightGBM,8879.929144308184
10,2024-01-24,LightGBM,9857.000931034218
10,2024-01-25,LightGBM,10231.260383316443
10,2024-01-26,LightGBM,9670.469514933777
10,2024-01-27,LightGBM,9612.164261415037
10,2024-01-28,LightGBM,9838.40453598746
10,2024-01-29,LightGBM,8686.267239708299
10,2024-01-30,LightGBM,8264.89471578059
10,2024-01-03,Ridge,5947.844755225618
10,2024-01-04,Ridge,5826.180766264739
10,2024-01-05,Ridge,7273.996754270527
10,2024-01-06,Ridge,6179.167601480351
10,2024-01-07,Ridge,5827.090006454793
10,2024-01-08,Ridge,6460.987779334497
10,2024-01-09,Ridge,5580.432353694392
10,2024-01-10,Ridge,5563.905189871717
10,2024-01-11,Ridge,6092.847059093898
10,2024-01-12,Ridge,5996.786137377247
10,2024-01-13,Ridge,10006.205265257517
10,2024-01-14,Ridge,8806.582808689102
10,2024-01-15,Ridge,9339.968976036995
10,2024-01-16,Ridge,9244.804500640648
10,2024-01-17,Ridge,9211.69382770302
10,2024-01-18,Ridge,9786.772043946443
10,2024-01-19,Ridge,8805.915746539062
10,2024-01-20,Ridge,10602.469910554348
10,2024-01-21,Ridge,9232.093397823715
10,2024-01-22,Ridge,9992.081006868451
10,2024-01-23,Ridge,8831.094516361418
10,2024-01-24,Ridge,9785.08792622913
10,2024-01-25,Ridge,10142.140722119857
10,2024-01-26,Ridge,9631.828490765847
10,2024-01-27,Ridge,9604.318916888224
10,2024-01-28,Ridge,9756.56272182874
10,2024-01-29,Ridge,8683.253500053901
10,2024-01-30,Ridge,8315.480885307472
10,2024-01-03,Ensemble zwykła średnia,5992.063419461682
10,2024-01-04,Ensemble zwykła średnia,5922.240219020336
10,2024-01-05,Ensemble zwykła średnia,7195.354804707748
10,2024-01-06,Ensemble zwykła średnia,6154.324379515233
10,2024-01-07,Ensemble zwykła średnia,5918.605590636911
10,2024-01-08,Ensemble zwykła średnia,6442.547860235347
10,2024-01-09,Ensemble zwykła średnia,5705.9759997316505
10,2024-01-10,Ensemble zwykła średnia,5666.030109151848
10,2024-01-11,Ensemble zwykła średnia,6168.865714300705
10,2024-01-12,Ensemble zwykła średnia,6018.827561017101
10,2024-01-13,Ensemble zwykła średnia,10079.923903720415
10,2024-01-14,Ensemble zwykła średnia,8836.85656272399
10,2024-01-15,Ensemble zwykła średnia,9388.12724124878
10,2024-01-16,Ensemble zwykła średnia,9316.231672228403
10,2024-01-17,Ensemble zwykła średnia,9269.84742414937
10,2024-01-18,Ensemble zwykła średnia,9840.143204215417
10,2024-01-19,Ensemble zwykła średnia,8832.819044513262
10,2024-01-20,Ensemble zwykła średnia,10739.056517490686
10,2024-01-21,Ensemble zwykła średnia,9309.399363534583
10,2024-01-22,Ensemble zwykła średnia,10048.42491837457
10,2024-01-23,Ensemble zwykła średnia,8867.591485540257
10,2024-01-24,Ensemble zwykła średnia,9838.150678426711
10,2024-01-25,Ensemble zwykła średnia,10192.072721227678
10,2024-01-26,Ensemble zwykła średnia,9663.911882442248
10,2024-01-27,Ensemble zwykła średnia,9636.771700556244
10,2024-01-28,Ensemble zwykła średnia,9800.429415838502
10,2024-01-29,Ensemble zwykła średnia,8692.781999774566
10,2024-01-30,Ensemble zwykła średnia,8310.712783782314
10,2024-01-03,Ensemble ważona średnia,5973.838526101177
10,2024-01-04,Ensemble ważona średnia,5868.443869829462
10,2024-01-05,Ensemble ważona średnia,7265.822644617842
10,2024-01-06,Ensemble ważona średnia,6180.818089618099
10,2024-01-07,Ensemble ważona średnia,5867.853563418965
10,2024-01-08,Ensemble ważona średnia,6468.219434086102
10,2024-01-09,Ensemble ważona średnia,5632.3761029446005
10,2024-01-10,Ensemble ważona średnia,5606.349231544376
10,2024-01-11,Ensemble ważona średnia,6130.078017777987
10,2024-01-12,Ensemble ważona średnia,6013.079550614257
10,2024-01-13,Ensemble ważona średnia,10039.31825377103
10,2024-01-14,Ensemble ważona średnia,8823.486968865067
10,2024-01-15,Ensemble ważona średnia,9360.903553006861
10,2024-01-16,Ensemble ważona średnia,9281.69346518038
10,2024-01-17,Ensemble ważona średnia,9239.660992393352
10,2024-01-18,Ensemble ważona średnia,9813.29684382686
10,2024-01-19,Ensemble ważona średnia,8825.195917293064
10,2024-01-20,Ensemble ważona średnia,10656.21085541899
10,2024-01-21,Ensemble ważona średnia,9267.69950189911
10,2024-01-22,Ensemble ważona średnia,10020.434140003217
10,2024-01-23,Ensemble ważona średnia,8851.142049053533
10,2024-01-24,Ensemble ważona średnia,9814.098039656552
10,2024-01-25,Ensemble ważona średnia,10166.221772271234
10,2024-01-26,Ensemble ważona średnia,9650.09488089796
10,2024-01-27,Ensemble ważona średnia,9627.481702960218
10,2024-01-28,Ensemble ważona średnia,9777.186470212253
10,2024-01-29,Ensemble ważona średnia,8689.94781389624
10,2024-01-30,Ensemble ważona średnia,8319.492734592635
11,2024-01-03,ARIMAX,6032.699232590549
11,2024-01-04,ARIMAX,5915.815884518365
11,2024-01-05,ARIMAX,7376.786589044856
11,2024-01-06,ARIMAX,6239.857299662244
11,2024-01-07,ARIMAX,5915.815884518365
11,2024-01-08,ARIMAX,6546.078649210163
11,2024-01-09,ARIMAX,5675.636723287929
11,2024-01-10,ARIMAX,5642.615629129187
11,2024-01-11,ARIMAX,6189.016139907543
11,2024-01-12,ARIMAX,6061.326045010934
11,2024-01-13,ARIMAX,6724.609903861474
11,2024-01-14,ARIMAX,8858.729701792425
11,2024-01-15,ARIMAX,9383.216292079198
11,2024-01-16,ARIMAX,9347.876587730014
11,2024-01-17,ARIMAX,9281.83439941253
11,2024-01-18,ARIMAX,9856.86172261127
11,2024-01-19,ARIMAX,8880.64362228401
11,2024-01-20,ARIMAX,10687.569662445962
11,2024-01-21,ARIMAX,9314.855493571271
11,2024-01-22,ARIMAX,10068.41407142132
11,2024-01-23,ARIMAX,8891.750795951168
11,2024-01-24,ARIMAX,9872.363178016787
11,2024-01-25,ARIMAX,10202.817058246732
11,2024-01-26,ARIMAX,9689.437641627117
11,2024-01-27,ARIMAX,9693.831923365475
11,2024-01-28,ARIMAX,9806.320989699303
11,2024-01-29,ARIMAX,8708.8252595615
11,2024-01-30,ARIMAX,8351.762750258878
11,2024-01-03,LightGBM,5995.646270568879
11,2024-01-04,LightGBM,6024.724006277903
11,2024-01-05,LightGBM,6935.2810708078605
11,2024-01-06,LightGBM,6043.9482374031
11,2024-01-07,LightGBM,6012.910880937574
11,2024-01-08,LightGBM,6320.5771521613815
11,2024-01-09,LightGBM,5861.858922212632
11,2024-01-10,LightGBM,5791.569508454638
11,2024-01-11,LightGBM,6224.7339439006755
11,2024-01-12,LightGBM,5998.370500663123
11,2024-01-13,LightGBM,6383.088837280392
11,2024-01-14,LightGBM,8845.257177690444
11,2024-01-15,LightGBM,9441.196455630146
11,2024-01-16,LightGBM,9356.013928314549
11,2024-01-17,LightGBM,9316.014045332557
11,2024-01-18,LightGBM,9876.795846088538
11,2024-01-19,LightGBM,8811.897764716714
11,2024-01-20,LightGBM,10927.129979471745
11,2024-01-21,LightGBM,9381.249199208765
11,2024-01-22,LightGBM,10084.779676833938
11,2024-01-23,LightGBM,8879.929144308184
11,2024-01-24,LightGBM,9857.000931034218
11,2024-01-25,LightGBM,10231.260383316443
11,2024-01-26,LightGBM,9670.469514933777
11,2024-01-27,LightGBM,9612.164261415037
11,2024-01-28,LightGBM,9838.40453598746
11,2024-01-29,LightGBM,8686.267239708299
11,2024-01-30,LightGBM,8264.89471578059
11,2024-01-03,Ridge,5947.844755225618
11,2024-01-04,Ridge,5826.180766264739
11,2024-01-05,Ridge,7273.996754270527
11,2024-01-06,Ridge,6179.167601480351
11,2024-01-07,Ridge,5827.090006454793
11,2024-01-08,Ridge,6460.987779334497
11,2024-01-09,Ridge,5580.432353694392
11,2024-01-10,Ridge,5563.905189871717
11,2024-01-11,Ridge,6092.847059093898
11,2024-01-12,Ridge,5996.786137377247
11,2024-01-13,Ridge,6647.769408944121
11,2024-01-14,Ridge,8806.582808689102
11,2024-01-15,Ridge,9339.968976036995
11,2024-01-16,Ridge,9244.804500640648
11,2024-01-17,Ridge,9211.69382770302
11,2024-01-18,Ridge,9786.772043946443
11,2024-01-19,Ridge,8805.915746539062
11,2024-01-20,Ridge,10602.469910554348
11,2024-01-21,Ridge,9232.093397823715
11,2024-01-22,Ridge,9992.081006868451
11,2024-01-23,Ridge,8831.094516361418
11,2024-01-24,Ridge,9785.08792622913
11,2024-01-25,Ridge,10142.140722119857
11,2024-01-26,Ridge,9631.828490765847
11,2024-01-27,Ridge,9604.318916888224
11,2024-01-28,Ridge,9756.56272182874
11,2024-01-29,Ridge,8683.253500053901
11,2024-01-30,Ridge,8315.480885307472
11,2024-01-03,Ensemble zwykła średnia,5992.063419461682
11,2024-01-04,Ensemble zwykła średnia,5922.240219020336
11,2024-01-05,Ensemble zwykła średnia,7195.354804707748
11,2024-01-06,Ensemble zwykła średnia,6154.324379515233
11,2024-01-07,Ensemble zwykła średnia,5918.605590636911
11,2024-01-08,Ensemble zwykła średnia,6442.547860235347
11,2024-01-09,Ensemble zwykła średnia,5705.9759997316505
11,2024-01-10,Ensemble zwykła średnia,5666.030109151848
11,2024-01-11,Ensemble zwykła średnia,6168.865714300705
11,2024-01-12,Ensemble zwykła średnia,6018.827561017101
11,2024-01-13,Ensemble zwykła średnia,6585.156050028662
11,2024-01-14,Ensemble zwykła średnia,8836.85656272399
11,2024-01-15,Ensemble zwykła średnia,9388.12724124878
11,2024-01-16,Ensemble zwykła średnia,9316.231672228403
11,2024-01-17,Ensemble zwykła średnia,9269.84742414937
11,2024-01-18,Ensemble zwykła średnia,9840.143204215417
11,2024-01-19,Ensemble zwykła średnia,8832.819044513262
11,2024-01-20,Ensemble zwykła średnia,10739.056517490686
11,2024-01-21,Ensemble zwykła średnia,9309.399363534583
11,2024-01-22,Ensemble zwykła średnia,10048.42491837457
11,2024-01-23,Ensemble zwykła średnia,8867.591485540257
11,2024-01-24,Ensemble zwykła średnia,9838.150678426711
11,2024-01-25,Ensemble zwykła średnia,10192.072721227678
11,2024-01-26,Ensemble zwykła średnia,9663.911882442248
11,2024-01-27,Ensemble zwykła średnia,9636.771700556244
11,2024-01-28,Ensemble zwykła średnia,9800.429415838502
11,2024-01-29,Ensemble zwykła średnia,8692.781999774566
11,2024-01-30,Ensemble zwykła średnia,8310.712783782314
11,2024-01-03,Ensemble ważona średnia,5973.838526101177
11,2024-01-04,Ensemble ważona średnia,5868.443869829462
11,2024-01-05,Ensemble ważona średnia,7265.822644617842
11,2024-01-06,Ensemble ważona średnia,6180.818089618099
11,2024-01-07,Ensemble ważona średnia,5867.853563418965
11,2024-01-08,Ensemble ważona średnia,6468.219434086102
11,2024-01-09,Ensemble ważona średnia,5632.3761029446005
11,2024-01-10,Ensemble ważona średnia,5606.349231544376
11,2024-01-11,Ensemble ważona średnia,6130.078017777987
11,2024-01-12,Ensemble ważona średnia,6013.079550614257
11,2024-01-13,Ensemble ważona średnia,6640.511475507086
11,2024-01-14,Ensemble ważona średnia,8823.486968865067
11,2024-01-15,Ensemble ważona średnia,9360.903553006861
11,2024-01-16,Ensemble ważona średnia,9281.69346518038
11,2024-01-17,Ensemble ważona średnia,9239.660992393352
11,2024-01-18,Ensemble ważona średnia,9813.29684382686
11,2024-01-19,Ensemble ważona średnia,8825.195917293064
11,2024-01-20,Ensemble ważona średnia,10656.21085541899
11,2024-01-21,Ensemble ważona średnia,9267.69950189911
11,2024-01-22,Ensemble ważona średnia,10020.434140003217
11,2024-01-23,Ensemble ważona średnia,8851.142049053533
11,2024-01-24,Ensemble ważona średnia,9814.098039656552
11,2024-01-25,Ensemble ważona średnia,10166.221772271234
11,2024-01-26,Ensemble ważona średnia,9650.09488089796
11,2024-01-27,Ensemble ważona średnia,9627.481702960218
11,2024-01-28,Ensemble ważona średnia,9777.186470212253
11,2024-01-29,Ensemble ważona średnia,8689.94781389624
11,2024-01-30,Ensemble ważona średnia,8319.492734592635
12,2024-01-03,ARIMAX,6032.699232590549
12,2024-01-04,ARIMAX,5915.815884518365
12,2024-01-05,ARIMAX,7376.786589044856
12,2024-01-06,ARIMAX,6239.857299662244
12,2024-01-07,ARIMAX,5915.815884518365
12,2024-01-08,ARIMAX,6546.078649210163
12,2024-01-09,ARIMAX,5675.636723287929
12,2024-01-10,ARIMAX,5642.615629129187
12,2024-01-11,ARIMAX,6189.016139907543
12,2024-01-12,ARIMAX,6061.326045010934
12,2024-01-13,ARIMAX,6724.609903861474
12,2024-01-14,ARIMAX,5503.81836056542
12,2024-01-15,ARIMAX,9383.216292079198
12,2024-01-16,ARIMAX,9347.876587730014
12,2024-01-17,ARIMAX,9281.83439941253
12,2024-01-18,ARIMAX,9856.86172261127
12,2024-01-19,ARIMAX,8880.64362228401
12,2024-01-20,ARIMAX,10687.569662445962
12,2024-01-21,ARIMAX,9314.855493571271
12,2024-01-22,ARIMAX,10068.41407142132
12,2024-01-23,ARIMAX,8891.750795951168
12,2024-01-24,ARIMAX,9872.363178016787
12,2024-01-25,ARIMAX,10202.817058246732
12,2024-01-26,ARIMAX,9689.437641627117
12,2024-01-27,ARIMAX,9693.831923365475
12,2024-01-28,ARIMAX,9806.320989699303
12,2024-01-29,ARIMAX,8708.8252595615
12,2024-01-30,ARIMAX,8351.762750258878
12,2024-01-03,LightGBM,5995.646270568879
12,2024-01-04,LightGBM,6024.724006277903
12,2024-01-05,LightGBM,6935.2810708078605
12,2024-01-06,LightGBM,6043.9482374031
12,2024-01-07,LightGBM,6012.910880937574
12,2024-01-08,LightGBM,6320.5771521613815
12,2024-01-09,LightGBM,5861.858922212632
12,2024-01-10,LightGBM,5791.569508454638
12,2024-01-11,LightGBM,6224.7339439006755
12,2024-01-12,LightGBM,5998.370500663123
12,2024-01-13,LightGBM,6383.088837280392
12,2024-01-14,LightGBM,5624.167951100213
12,2024-01-15,LightGBM,9441.196455630146
12,2024-01-16,LightGBM,9356.013928314549
12,2024-01-17,LightGBM,9316.014045332557
12,2024-01-18,LightGBM,9876.795846088538
12,2024-01-19,LightGBM,8811.897764716714
12,2024-01-20,LightGBM,10927.129979471745
12,2024-01-21,LightGBM,9381.249199208765
12,2024-01-22,LightGBM,10084.779676833938
12,2024-01-23,LightGBM,8879.929144308184
12,2024-01-24,LightGBM,9857.000931034218
12,2024-01-25,LightGBM,10231.260383316443
12,2024-01-26,LightGBM,9670.469514933777
12,2024-01-27,LightGBM,9612.164261415037
12,2024-01-28,LightGBM,9838.40453598746
12,2024-01-29,LightGBM,8686.267239708299
12,2024-01-30,LightGBM,8264.89471578059
12,2024-01-03,Ridge,5947.844755225618
12,2024-01-04,Ridge,5826.180766264739
12,2024-01-05,Ridge,7273.996754270527
12,2024-01-06,Ridge,6179.167601480351
12,2024-01-07,Ridge,5827.090006454793
12,2024-01-08,Ridge,6460.987779334497
12,2024-01-09,Ridge,5580.432353694392
12,2024-01-10,Ridge,5563.905189871717
12,2024-01-11,Ridge,6092.847059093898
12,2024-01-12,Ridge,5996.786137377247
12,2024-01-13,Ridge,6647.769408944121
12,2024-01-14,Ridge,5448.146952375706
12,2024-01-15,Ridge,9339.968976036995
12,2024-01-16,Ridge,9244.804500640648
12,2024-01-17,Ridge,9211.69382770302
12,2024-01-18,Ridge,9786.772043946443
12,2024-01-19,Ridge,8805.915746539062
12,2024-01-20,Ridge,10602.469910554348
12,2024-01-21,Ridge,9232.093397823715
12,2024-01-22,Ridge,9992.081006868451
12,2024-01-23,Ridge,8831.094516361418
12,2024-01-24,Ridge,9785.08792622913
12,2024-01-25,Ridge,10142.140722119857
12,2024-01-26,Ridge,9631.828490765847
12,2024-01-27,Ridge,9604.318916888224
12,2024-01-28,Ridge,9756.56272182874
12,2024-01-29,Ridge,8683.253500053901
12,2024-01-30,Ridge,8315.480885307472
12,2024-01-03,Ensemble zwykła średnia,5992.063419461682
12,2024-01-04,Ensemble zwykła średnia,5922.240219020336
12,2024-01-05,Ensemble zwykła średnia,7195.354804707748
12,2024-01-06,Ensemble zwykła średnia,6154.324379515233
12,2024-01-07,Ensemble zwykła średnia,5918.605590636911
12,2024-01-08,Ensemble zwykła średnia,6442.547860235347
12,2024-01-09,Ensemble zwykła średnia,5705.9759997316505
12,2024-01-10,Ensemble zwykła średnia,5666.030109151848
12,2024-01-11,Ensemble zwykła średnia,6168.865714300705
12,2024-01-12,Ensemble zwykła średnia,6018.827561017101
12,2024-01-13,Ensemble zwykła średnia,6585.156050028662
12,2024-01-14,Ensemble zwykła średnia,5525.377754680446
12,2024-01-15,Ensemble zwykła średnia,9388.12724124878
12,2024-01-16,Ensemble zwykła średnia,9316.231672228403
12,2024-01-17,Ensemble zwykła średnia,9269.84742414937
12,2024-01-18,Ensemble zwykła średnia,9840.143204215417
12,2024-01-19,Ensemble zwykła średnia,8832.819044513262
12,2024-01-20,Ensemble zwykła średnia,10739.056517490686
12,2024-01-21,Ensemble zwykła średnia,9309.399363534583
12,2024-01-22,Ensemble zwykła średnia,10048.42491837457
12,2024-01-23,Ensemble zwykła średnia,8867.591485540257
12,2024-01-24,Ensemble zwykła średnia,9838.150678426711
12,2024-01-25,Ensemble zwykła średnia,10192.072721227678
12,2024-01-26,Ensemble zwykła średnia,9663.911882442248
12,2024-01-27,Ensemble zwykła średnia,9636.771700556244
12,2024-01-28,Ensemble zwykła średnia,9800.429415838502
12,2024-01-29,Ensemble zwykła średnia,8692.781999774566
12,2024-01-30,Ensemble zwykła średnia,8310.712783782314
12,2024-01-03,Ensemble ważona średnia,5973.838526101177
12,2024-01-04,Ensemble ważona średnia,5868.443869829462
12,2024-01-05,Ensemble ważona średnia,7265.822644617842
12,2024-01-06,Ensemble ważona średnia,6180.818089618099
12,2024-01-07,Ensemble ważona średnia,5867.853563418965
12,2024-01-08,Ensemble ważona średnia,6468.219434086102
12,2024-01-09,Ensemble ważona średnia,5632.3761029446005
12,2024-01-10,Ensemble ważona średnia,5606.349231544376
12,2024-01-11,Ensemble ważona średnia,6130.078017777987
12,2024-01-12,Ensemble ważona średnia,6013.079550614257
12,2024-01-13,Ensemble ważona średnia,6640.511475507086
12,2024-01-14,Ensemble ważona średnia,5479.6669042955855
12,2024-01-15,Ensemble ważona średnia,9360.903553006861
12,2024-01-16,Ensemble ważona średnia,9281.69346518038
12,2024-01-17,Ensemble ważona średnia,9239.660992393352
12,2024-01-18,Ensemble ważona średnia,9813.29684382686
12,2024-01-19,Ensemble ważona średnia,8825.195917293064
12,2024-01-20,Ensemble ważona średnia,10656.21085541899
12,2024-01-21,Ensemble ważona średnia,9267.69950189911
12,2024-01-22,Ensemble ważona średnia,10020.434140003217
12,2024-01-23,Ensemble ważona średnia,8851.142049053533
12,2024-01-24,Ensemble ważona średnia,9814.098039656552
12,2024-01-25,Ensemble ważona średnia,10166.221772271234
12,2024-01-26,Ensemble ważona średnia,9650.09488089796
12,2024-01-27,Ensemble ważona średnia,9627.481702960218
12,2024-01-28,Ensemble ważona średnia,9777.186470212253
12,2024-01-29,Ensemble ważona średnia,8689.94781389624
12,2024-01-30,Ensemble ważona średnia,8319.492734592635
13,2024-01-03,ARIMAX,6032.699232590549
13,2024-01-04,ARIMAX,5915.815884518365
13,2024-01-05,ARIMAX,7376.786589044856
13,2024-01-06,ARIMAX,6239.857299662244
13,2024-01-07,ARIMAX,5915.815884518365
13,2024-01-08,ARIMAX,6546.078649210163
13,2024-01-09,ARIMAX,5675.636723287929
13,2024-01-10,ARIMAX,5642.615629129187
13,2024-01-11,ARIMAX,6189.016139907543
13,2024-01-12,ARIMAX,6061.326045010934
13,2024-01-13,ARIMAX,6724.609903861474
13,2024-01-14,ARIMAX,5503.81836056542
13,2024-01-15,ARIMAX,6028.304950852192
13,2024-01-16,ARIMAX,9347.876587730014
13,2024-01-17,ARIMAX,9281.83439941253
13,2024-01-18,ARIMAX,9856.86172261127
13,2024-01-19,ARIMAX,8880.64362228401
13,2024-01-20,ARIMAX,10687.569662445962
13,2024-01-21,ARIMAX,9314.855493571271
13,2024-01-22,ARIMAX,10068.41407142132
13,2024-01-23,ARIMAX,8891.750795951168
13,2024-01-24,ARIMAX,9872.363178016787
13,2024-01-25,ARIMAX,10202.817058246732
13,2024-01-26,ARIMAX,9689.437641627117
13,2024-01-27,ARIMAX,9693.831923365475
13,2024-01-28,ARIMAX,9806.320989699303
13,2024-01-29,ARIMAX,8708.8252595615
13,2024-01-30,ARIMAX,8351.762750258878
13,2024-01-03,LightGBM,5995.646270568879
13,2024-01-04,LightGBM,6024.724006277903
13,2024-01-05,LightGBM,6935.2810708078605
13,2024-01-06,LightGBM,6043.9482374031
13,2024-01-07,LightGBM,6012.910880937574
13,2024-01-08,LightGBM,6320.5771521613815
13,2024-01-09,LightGBM,5861.858922212632
13,2024-01-10,LightGBM,5791.569508454638
13,2024-01-11,LightGBM,6224.7339439006755
13,2024-01-12,LightGBM,5998.370500663123
13,2024-01-13,LightGBM,6383.088837280392
13,2024-01-14,LightGBM,5624.167951100213
13,2024-01-15,LightGBM,5911.322207249303
13,2024-01-16,LightGBM,9356.013928314549
13,2024-01-17,LightGBM,9316.014045332557
13,2024-01-18,LightGBM,9876.795846088538
13,2024-01-19,LightGBM,8811.897764716714
13,2024-01-20,LightGBM,10927.129979471745
13,2024-01-21,LightGBM,9381.249199208765
13,2024-01-22,LightGBM,10084.779676833938
13,2024-01-23,LightGBM,8879.929144308184
13,2024-01-24,LightGBM,9857.000931034218
13,2024-01-25,LightGBM,10231.260383316443
13,2024-01-26,LightGBM,9670.469514933777
13,2024-01-27,LightGBM,9612.164261415037
13,2024-01-28,LightGBM,9838.40453598746
13,2024-01-29,LightGBM,8686.267239708299
13,2024-01-30,LightGBM,8264.89471578059
13,2024-01-03,Ridge,5947.844755225618
13,2024-01-04,Ridge,5826.180766264739
13,2024-01-05,Ridge,7273.996754270527
13,2024-01-06,Ridge,6179.167601480351
13,2024-01-07,Ridge,5827.090006454793
13,2024-01-08,Ridge,6460.987779334497
13,2024-01-09,Ridge,5580.432353694392
13,2024-01-10,Ridge,5563.905189871717
13,2024-01-11,Ridge,6092.847059093898
13,2024-01-12,Ridge,5996.786137377247
13,2024-01-13,Ridge,6647.769408944121
13,2024-01-14,Ridge,5448.146952375706
13,2024-01-15,Ridge,5981.5331197236
13,2024-01-16,Ridge,9244.804500640648
13,2024-01-17,Ridge,9211.69382770302
13,2024-01-18,Ridge,9786.772043946443
13,2024-01-19,Ridge,8805.915746539062
13,2024-01-20,Ridge,10602.469910554348
13,2024-01-21,Ridge,9232.093397823715
13,2024-01-22,Ridge,9992.081006868451
13,2024-01-23,Ridge,8831.094516361418
13,2024-01-24,Ridge,9785.08792622913
13,2024-01-25,Ridge,10142.140722119857
13,2024-01-26,Ridge,9631.828490765847
13,2024-01-27,Ridge,9604.318916888224
13,2024-01-28,Ridge,9756.56272182874
13,2024-01-29,Ridge,8683.253500053901
13,2024-01-30,Ridge,8315.480885307472
13,2024-01-03,Ensemble zwykła średnia,5992.063419461682
13,2024-01-04,Ensemble zwykła średnia,5922.240219020336
13,2024-01-05,Ensemble zwykła średnia,7195.354804707748
13,2024-01-06,Ensemble zwykła średnia,6154.324379515233
13,2024-01-07,Ensemble zwykła średnia,5918.605590636911
13,2024-01-08,Ensemble zwykła średnia,6442.547860235347
13,2024-01-09,Ensemble zwykła średnia,5705.9759997316505
13,2024-01-10,Ensemble zwykła średnia,5666.030109151848
13,2024-01-11,Ensemble zwykła średnia,6168.865714300705
13,2024-01-12,Ensemble zwykła średnia,6018.827561017101
13,2024-01-13,Ensemble zwykła średnia,6585.156050028662
13,2024-01-14,Ensemble zwykła średnia,5525.377754680446
13,2024-01-15,Ensemble zwykła średnia,5973.720092608365
13,2024-01-16,Ensemble zwykła średnia,9316.231672228403
13,2024-01-17,Ensemble zwykła średnia,9269.84742414937
13,2024-01-18,Ensemble zwykła średnia,9840.143204215417
13,2024-01-19,Ensemble zwykła średnia,8832.819044513262
13,2024-01-20,Ensemble zwykła średnia,10739.056517490686
13,2024-01-21,Ensemble zwykła średnia,9309.399363534583
13,2024-01-22,Ensemble zwykła średnia,10048.42491837457
13,2024-01-23,Ensemble zwykła średnia,8867.591485540257
13,2024-01-24,Ensemble zwykła średnia,9838.150678426711
13,2024-01-25,Ensemble zwykła średnia,10192.072721227678
13,2024-01-26,Ensemble zwykła średnia,9663.911882442248
13,2024-01-27,Ensemble zwykła średnia,9636.771700556244
13,2024-01-28,Ensemble zwykła średnia,9800.429415838502
13,2024-01-29,Ensemble zwykła średnia,8692.781999774566
13,2024-01-30,Ensemble zwykła średnia,8310.712783782314
13,2024-01-03,Ensemble ważona średnia,5973.838526101177
13,2024-01-04,Ensemble ważona średnia,5868.443869829462
13,2024-01-05,Ensemble ważona średnia,7265.822644617842
13,2024-01-06,Ensemble ważona średnia,6180.818089618099
13,2024-01-07,Ensemble ważona średnia,5867.853563418965
13,2024-01-08,Ensemble ważona średnia,6468.219434086102
13,2024-01-09,Ensemble ważona średnia,5632.3761029446005
13,2024-01-10,Ensemble ważona średnia,5606.349231544376
13,2024-01-11,Ensemble ważona średnia,6130.078017777987
13,2024-01-12,Ensemble ważona średnia,6013.079550614257
13,2024-01-13,Ensemble ważona średnia,6640.511475507086
13,2024-01-14,Ensemble ważona średnia,5479.6669042955855
13,2024-01-15,Ensemble ważona średnia,5986.204986258319
13,2024-01-16,Ensemble ważona średnia,9281.69346518038
13,2024-01-17,Ensemble ważona średnia,9239.660992393352
13,2024-01-18,Ensemble ważona średnia,9813.29684382686
13,2024-01-19,Ensemble ważona średnia,8825.195917293064
13,2024-01-20,Ensemble ważona średnia,10656.21085541899
13,2024-01-21,Ensemble ważona średnia,9267.69950189911
13,2024-01-22,Ensemble ważona średnia,10020.434140003217
13,2024-01-23,Ensemble ważona średnia,8851.142049053533
13,2024-01-24,Ensemble ważona średnia,9814.098039656552
13,2024-01-25,Ensemble ważona średnia,10166.221772271234
13,2024-01-26,Ensemble ważona średnia,9650.09488089796
13,2024-01-27,Ensemble ważona średnia,9627.481702960218
13,2024-01-28,Ensemble ważona średnia,9777.186470212253
13,2024-01-29,Ensemble ważona średnia,8689.94781389624
13,2024-01-30,Ensemble ważona średnia,8319.492734592635
14,2024-01-03,ARIMAX,6032.699232590549
14,2024-01-04,ARIMAX,5915.815884518365
14,2024-01-05,ARIMAX,7376.786589044856
14,2024-01-06,ARIMAX,6239.857299662244
14,2024-01-07,ARIMAX,5915.815884518365
14,2024-01-08,ARIMAX,6546.078649210163
14,2024-01-09,ARIMAX,5675.636723287929
14,2024-01-10,ARIMAX,5642.615629129187
14,2024-01-11,ARIMAX,6189.016139907543
14,2024-01-12,ARIMAX,6061.326045010934
14,2024-01-13,ARIMAX,6724.609903861474
14,2024-01-14,ARIMAX,5503.81836056542
14,2024-01-15,ARIMAX,6028.304950852192
14,2024-01-16,ARIMAX,5992.965246503008
14,2024-01-17,ARIMAX,9281.83439941253
14,2024-01-18,ARIMAX,9856.86172261127
14,2024-01-19,ARIMAX,8880.64362228401
14,2024-01-20,ARIMAX,10687.569662445962
14,2024-01-21,ARIMAX,9314.855493571271
14,2024-01-22,ARIMAX,10068.41407142132
14,2024-01-23,ARIMAX,8891.750795951168
14,2024-01-24,ARIMAX,9872.363178016787
14,2024-01-25,ARIMAX,10202.817058246732
14,2024-01-26,ARIMAX,9689.437641627117
14,2024-01-27,ARIMAX,9693.831923365475
14,2024-01-28,ARIMAX,9806.320989699303
14,2024-01-29,ARIMAX,8708.8252595615
14,2024-01-30,ARIMAX,8351.762750258878
14,2024-01-03,LightGBM,5995.646270568879
14,2024-01-04,LightGBM,6024.724006277903
14,2024-01-05,LightGBM,6935.2810708078605
14,2024-01-06,LightGBM,6043.9482374031
14,2024-01-07,LightGBM,6012.910880937574
14,2024-01-08,LightGBM,6320.5771521613815
14,2024-01-09,LightGBM,5861.858922212632
14,2024-01-10,LightGBM,5791.569508454638
14,2024-01-11,LightGBM,6224.7339439006755
14,2024-01-12,LightGBM,5998.370500663123
14,2024-01-13,LightGBM,6383.088837280392
14,2024-01-14,LightGBM,5624.167951100213
14,2024-01-15,LightGBM,5911.322207249303
14,2024-01-16,LightGBM,6083.02648645429
14,2024-01-17,LightGBM,9316.014045332557
14,2024-01-18,LightGBM,9876.795846088538
14,2024-01-19,LightGBM,8811.897764716714
14,2024-01-20,LightGBM,10927.129979471745
14,2024-01-21,LightGBM,9381.249199208765
14,2024-01-22,LightGBM,10084.779676833938
14,2024-01-23,LightGBM,8879.929144308184
14,2024-01-24,LightGBM,9857.000931034218
14,2024-01-25,LightGBM,10231.260383316443
14,2024-01-26,LightGBM,9670.469514933777
14,2024-01-27,LightGBM,9612.164261415037
14,2024-01-28,LightGBM,9838.40453598746
14,2024-01-29,LightGBM,8686.267239708299
14,2024-01-30,LightGBM,8264.89471578059
14,2024-01-03,Ridge,5947.844755225618
14,2024-01-04,Ridge,5826.180766264739
14,2024-01-05,Ridge,7273.996754270527
14,2024-01-06,Ridge,6179.167601480351
14,2024-01-07,Ridge,5827.090006454793
14,2024-01-08,Ridge,6460.987779334497
14,2024-01-09,Ridge,5580.432353694392
14,2024-01-10,Ridge,5563.905189871717
14,2024-01-11,Ridge,6092.847059093898
14,2024-01-12,Ridge,5996.786137377247
14,2024-01-13,Ridge,6647.769408944121
14,2024-01-14,Ridge,5448.146952375706
14,2024-01-15,Ridge,5981.5331197236
14,2024-01-16,Ridge,5886.368644327253
14,2024-01-17,Ridge,9211.69382770302
14,2024-01-18,Ridge,9786.772043946443
14,2024-01-19,Ridge,8805.915746539062
14,2024-01-20,Ridge,10602.469910554348
14,2024-01-21,Ridge,9232.093397823715
14,2024-01-22,Ridge,9992.081006868451
14,2024-01-23,Ridge,8831.094516361418
14,2024-01-24,Ridge,9785.08792622913
14,2024-01-25,Ridge,10142.140722119857
14,2024-01-26,Ridge,9631.828490765847
14,2024-01-27,Ridge,9604.318916888224
14,2024-01-28,Ridge,9756.56272182874
14,2024-01-29,Ridge,8683.253500053901
14,2024-01-30,Ridge,8315.480885307472
14,2024-01-03,Ensemble zwykła średnia,5992.063419461682
14,2024-01-04,Ensemble zwykła średnia,5922.240219020336
14,2024-01-05,Ensemble zwykła średnia,7195.354804707748
14,2024-01-06,Ensemble zwykła średnia,6154.324379515233
14,2024-01-07,Ensemble zwykła średnia,5918.605590636911
14,2024-01-08,Ensemble zwykła średnia,6442.547860235347
14,2024-01-09,Ensemble zwykła średnia,5705.9759997316505
14,2024-01-10,Ensemble zwykła średnia,5666.030109151848
14,2024-01-11,Ensemble zwykła średnia,6168.865714300705
14,2024-01-12,Ensemble zwykła średnia,6018.827561017101
14,2024-01-13,Ensemble zwykła średnia,6585.156050028662
14,2024-01-14,Ensemble zwykła średnia,5525.377754680446
14,2024-01-15,Ensemble zwykła średnia,5973.720092608365
14,2024-01-16,Ensemble zwykła średnia,5987.45345909485
14,2024-01-17,Ensemble zwykła średnia,9269.84742414937
14,2024-01-18,Ensemble zwykła średnia,9840.143204215417
14,2024-01-19,Ensemble zwykła średnia,8832.819044513262
14,2024-01-20,Ensemble zwykła średnia,10739.056517490686
14,2024-01-21,Ensemble zwykła średnia,9309.399363534583
14,2024-01-22,Ensemble zwykła średnia,10048.42491837457
14,2024-01-23,Ensemble zwykła średnia,8867.591485540257
14,2024-01-24,Ensemble zwykła średnia,9838.150678426711
14,2024-01-25,Ensemble zwykła średnia,10192.072721227678
14,2024-01-26,Ensemble zwykła średnia,9663.911882442248
14,2024-01-27,Ensemble zwykła średnia,9636.771700556244
14,2024-01-28,Ensemble zwykła średnia,9800.429415838502
14,2024-01-29,Ensemble zwykła średnia,8692.781999774566
14,2024-01-30,Ensemble zwykła średnia,8310.712783782314
14,2024-01-03,Ensemble ważona średnia,5973.838526101177
14,2024-01-04,Ensemble ważona średnia,5868.443869829462
14,2024-01-05,Ensemble ważona średnia,7265.822644617842
14,2024-01-06,Ensemble ważona średnia,6180.818089618099
14,2024-01-07,Ensemble ważona średnia,5867.853563418965
14,2024-01-08,Ensemble ważona średnia,6468.219434086102
14,2024-01-09,Ensemble ważona średnia,5632.3761029446005
14,2024-01-10,Ensemble ważona średnia,5606.349231544376
14,2024-01-11,Ensemble ważona średnia,6130.078017777987
14,2024-01-12,Ensemble ważona średnia,6013.079550614257
14,2024-01-13,Ensemble ważona średnia,6640.511475507086
14,2024-01-14,Ensemble ważona średnia,5479.6669042955855
14,2024-01-15,Ensemble ważona średnia,5986.204986258319
14,2024-01-16,Ensemble ważona średnia,5932.683579083895
14,2024-01-17,Ensemble ważona średnia,9239.660992393352
14,2024-01-18,Ensemble ważona średnia,9813.29684382686
14,2024-01-19,Ensemble ważona średnia,8825.195917293064
14,2024-01-20,Ensemble ważona średnia,10656.21085541899
14,2024-01-21,Ensemble ważona średnia,9267.69950189911
14,2024-01-22,Ensemble ważona średnia,10020.434140003217
14,2024-01-23,Ensemble ważona średnia,8851.142049053533
14,2024-01-24,Ensemble ważona średnia,9814.098039656552
14,2024-01-25,Ensemble ważona średnia,10166.221772271234
14,2024-01-26,Ensemble ważona średnia,9650.09488089796
14,2024-01-27,Ensemble ważona średnia,9627.481702960218
14,2024-01-28,Ensemble ważona średnia,9777.186470212253
14,2024-01-29,Ensemble ważona średnia,8689.94781389624
14,2024-01-30,Ensemble ważona średnia,8319.492734592635
15,2024-01-03,ARIMAX,6032.699232590549
15,2024-01-04,ARIMAX,5915.815884518365
15,2024-01-05,ARIMAX,7376.786589044856
15,2024-01-06,ARIMAX,6239.857299662244
15,2024-01-07,ARIMAX,5915.815884518365
15,2024-01-08,ARIMAX,6546.078649210163
15,2024-01-09,ARIMAX,5675.636723287929
15,2024-01-10,ARIMAX,5642.615629129187
15,2024-01-11,ARIMAX,6189.016139907543
15,2024-01-12,ARIMAX,6061.326045010934
15,2024-01-13,ARIMAX,6724.609903861474
15,2024-01-14,ARIMAX,5503.81836056542
15,2024-01-15,ARIMAX,6028.304950852192
15,2024-01-16,ARIMAX,5992.965246503008
15,2024-01-17,ARIMAX,5926.9230581855245
15,2024-01-18,ARIMAX,9856.86172261127
15,2024-01-19,ARIMAX,8880.64362228401
15,2024-01-20,ARIMAX,10687.569662445962
15,2024-01-21,ARIMAX,9314.855493571271
15,2024-01-22,ARIMAX,10068.41407142132
15,2024-01-23,ARIMAX,8891.750795951168
15,2024-01-24,ARIMAX,9872.363178016787
15,2024-01-25,ARIMAX,10202.817058246732
15,2024-01-26,ARIMAX,9689.437641627117
15,2024-01-27,ARIMAX,9693.831923365475
15,2024-01-28,ARIMAX,9806.320989699303
15,2024-01-29,ARIMAX,8708.8252595615
15,2024-01-30,ARIMAX,8351.762750258878
15,2024-01-03,LightGBM,5995.646270568879
15,2024-01-04,LightGBM,6024.724006277903
15,2024-01-05,LightGBM,6935.2810708078605
15,2024-01-06,LightGBM,6043.9482374031
15,2024-01-07,LightGBM,6012.910880937574
15,2024-01-08,LightGBM,6320.5771521613815
15,2024-01-09,LightGBM,5861.858922212632
15,2024-01-10,LightGBM,5791.569508454638
15,2024-01-11,LightGBM,6224.7339439006755
15,2024-01-12,LightGBM,5998.370500663123
15,2024-01-13,LightGBM,6383.088837280392
15,2024-01-14,LightGBM,5624.167951100213
15,2024-01-15,LightGBM,5911.322207249303
15,2024-01-16,LightGBM,6083.02648645429
15,2024-01-17,LightGBM,5939.003847605964
15,2024-01-18,LightGBM,9876.795846088538
15,2024-01-19,LightGBM,8811.897764716714
15,2024-01-20,LightGBM,10927.129979471745
15,2024-01-21,LightGBM,9381.249199208765
15,2024-01-22,LightGBM,10084.779676833938
15,2024-01-23,LightGBM,8879.929144308184
15,2024-01-24,LightGBM,9857.000931034218
15,2024-01-25,LightGBM,10231.260383316443
15,2024-01-26,LightGBM,9670.469514933777
15,2024-01-27,LightGBM,9612.164261415037
15,2024-01-28,LightGBM,9838.40453598746
15,2024-01-29,LightGBM,8686.267239708299
15,2024-01-30,LightGBM,8264.89471578059
15,2024-01-03,Ridge,5947.844755225618
15,2024-01-04,Ridge,5826.180766264739
15,2024-01-05,Ridge,7273.996754270527
15,2024-01-06,Ridge,6179.167601480351
15,2024-01-07,Ridge,5827.090006454793
15,2024-01-08,Ridge,6460.987779334497
15,2024-01-09,Ridge,5580.432353694392
15,2024-01-10,Ridge,5563.905189871717
15,2024-01-11,Ridge,6092.847059093898
15,2024-01-12,Ridge,5996.786137377247
15,2024-01-13,Ridge,6647.769408944121
15,2024-01-14,Ridge,5448.146952375706
15,2024-01-15,Ridge,5981.5331197236
15,2024-01-16,Ridge,5886.368644327253
15,2024-01-17,Ridge,5853.257971389625
15,2024-01-18,Ridge,9786.772043946443
15,2024-01-19,Ridge,8805.915746539062
15,2024-01-20,Ridge,10602.469910554348
15,2024-01-21,Ridge,9232.093397823715
15,2024-01-22,Ridge,9992.081006868451
15,2024-01-23,Ridge,8831.094516361418
15,2024-01-24,Ridge,9785.08792622913
15,2024-01-25,Ridge,10142.140722119857
15,2024-01-26,Ridge,9631.828490765847
15,2024-01-27,Ridge,9604.318916888224
15,2024-01-28,Ridge,9756.56272182874
15,2024-01-29,Ridge,8683.253500053901
15,2024-01-30,Ridge,8315.480885307472
15,2024-01-03,Ensemble zwykła średnia,5992.063419461682
15,2024-01-04,Ensemble zwykła średnia,5922.240219020336
15,2024-01-05,Ensemble zwykła średnia,7195.354804707748
15,2024-01-06,Ensemble zwykła średnia,6154.324379515233
15,2024-01-07,Ensemble zwykła średnia,5918.605590636911
15,2024-01-08,Ensemble zwykła średnia,6442.547860235347
15,2024-01-09,Ensemble zwykła średnia,5705.9759997316505
15,2024-01-10,Ensemble zwykła średnia,5666.030109151848
15,2024-01-11,Ensemble zwykła średnia,6168.865714300705
15,2024-01-12,Ensemble zwykła średnia,6018.827561017101
15,2024-01-13,Ensemble zwykła średnia,6585.156050028662
15,2024-01-14,Ensemble zwykła średnia,5525.377754680446
15,2024-01-15,Ensemble zwykła średnia,5973.720092608365
15,2024-01-16,Ensemble zwykła średnia,5987.45345909485
15,2024-01-17,Ensemble zwykła średnia,5906.394959060371
15,2024-01-18,Ensemble zwykła średnia,9840.143204215417
15,2024-01-19,Ensemble zwykła średnia,8832.819044513262
15,2024-01-20,Ensemble zwykła średnia,10739.056517490686
15,2024-01-21,Ensemble zwykła średnia,9309.399363534583
15,2024-01-22,Ensemble zwykła średnia,10048.42491837457
15,2024-01-23,Ensemble zwykła średnia,8867.591485540257
15,2024-01-24,Ensemble zwykła średnia,9838.150678426711
15,2024-01-25,Ensemble zwykła średnia,10192.072721227678
15,2024-01-26,Ensemble zwykła średnia,9663.911882442248
15,2024-01-27,Ensemble zwykła średnia,9636.771700556244
15,2024-01-28,Ensemble zwykła średnia,9800.429415838502
15,2024-01-29,Ensemble zwykła średnia,8692.781999774566
15,2024-01-30,Ensemble zwykła średnia,8310.712783782314
15,2024-01-03,Ensemble ważona średnia,5973.838526101177
15,2024-01-04,Ensemble ważona średnia,5868.443869829462
15,2024-01-05,Ensemble ważona średnia,7265.822644617842
15,2024-01-06,Ensemble ważona średnia,6180.818089618099
15,2024-01-07,Ensemble ważona średnia,5867.853563418965
15,2024-01-08,Ensemble ważona średnia,6468.219434086102
15,2024-01-09,Ensemble ważona średnia,5632.3761029446005
15,2024-01-10,Ensemble ważona średnia,5606.349231544376
15,2024-01-11,Ensemble ważona średnia,6130.078017777987
15,2024-01-12,Ensemble ważona średnia,6013.079550614257
15,2024-01-13,Ensemble ważona średnia,6640.511475507086
15,2024-01-14,Ensemble ważona średnia,5479.6669042955855
15,2024-01-15,Ensemble ważona średnia,5986.204986258319
15,2024-01-16,Ensemble ważona średnia,5932.683579083895
15,2024-01-17,Ensemble ważona średnia,5880.248830710234
15,2024-01-18,Ensemble ważona średnia,9813.29684382686
15,2024-01-19,Ensemble ważona średnia,8825.195917293064
15,2024-01-20,Ensemble ważona średnia,10656.21085541899
15,2024-01-21,Ensemble ważona średnia,9267.69950189911
15,2024-01-22,Ensemble ważona średnia,10020.434140003217
15,2024-01-23,Ensemble ważona średnia,8851.142049053533
15,2024-01-24,Ensemble ważona średnia,9814.098039656552
15,2024-01-25,Ensemble ważona średnia,10166.221772271234
15,2024-01-26,Ensemble ważona średnia,9650.09488089796
15,2024-01-27,Ensemble ważona średnia,9627.481702960218
15,2024-01-28,Ensemble ważona średnia,9777.186470212253
15,2024-01-29,Ensemble ważona średnia,8689.94781389624
15,2024-01-30,Ensemble ważona średnia,8319.492734592635
16,2024-01-03,ARIMAX,6032.699232590549
16,2024-01-04,ARIMAX,5915.815884518365
16,2024-01-05,ARIMAX,7376.786589044856
16,2024-01-06,ARIMAX,6239.857299662244
16,2024-01-07,ARIMAX,5915.815884518365
16,2024-01-08,ARIMAX,6546.078649210163
16,2024-01-09,ARIMAX,5675.636723287929
16,2024-01-10,ARIMAX,5642.615629129187
16,2024-01-11,ARIMAX,6189.016139907543
16,2024-01-12,ARIMAX,6061.326045010934
16,2024-01-13,ARIMAX,6724.609903861474
16,2024-01-14,ARIMAX,5503.81836056542
16,2024-01-15,ARIMAX,6028.304950852192
16,2024-01-16,ARIMAX,5992.965246503008
16,2024-01-17,ARIMAX,5926.9230581855245
16,2024-01-18,ARIMAX,6501.950381384263
16,2024-01-19,ARIMAX,8880.64362228401
16,2024-01-20,ARIMAX,10687.569662445962
16,2024-01-21,ARIMAX,9314.855493571271
16,2024-01-22,ARIMAX,10068.41407142132
16,2024-01-23,ARIMAX,8891.750795951168
16,2024-01-24,ARIMAX,9872.363178016787
16,2024-01-25,ARIMAX,10202.817058246732
16,2024-01-26,ARIMAX,9689.437641627117
16,2024-01-27,ARIMAX,9693.831923365475
16,2024-01-28,ARIMAX,9806.320989699303
16,2024-01-29,ARIMAX,8708.8252595615
16,2024-01-30,ARIMAX,8351.762750258878
16,2024-01-03,LightGBM,5995.646270568879
16,2024-01-04,LightGBM,6024.724006277903
16,2024-01-05,LightGBM,6935.2810708078605
16,2024-01-06,LightGBM,6043.9482374031
16,2024-01-07,LightGBM,6012.910880937574
16,2024-01-08,LightGBM,6320.5771521613815
16,2024-01-09,LightGBM,5861.858922212632
16,2024-01-10,LightGBM,5791.569508454638
16,2024-01-11,LightGBM,6224.7339439006755
16,2024-01-12,LightGBM,5998.370500663123
16,2024-01-13,LightGBM,6383.088837280392
16,2024-01-14,LightGBM,5624.167951100213
16,2024-01-15,LightGBM,5911.322207249303
16,2024-01-16,LightGBM,6083.02648645429
16,2024-01-17,LightGBM,5939.003847605964
16,2024-01-18,LightGBM,6322.814908759074
16,2024-01-19,LightGBM,8811.897764716714
16,2024-01-20,LightGBM,10927.129979471745
16,2024-01-21,LightGBM,9381.249199208765
16,2024-01-22,LightGBM,10084.779676833938
16,2024-01-23,LightGBM,8879.929144308184
16,2024-01-24,LightGBM,9857.000931034218
16,2024-01-25,LightGBM,10231.260383316443
16,2024-01-26,LightGBM,9670.469514933777
16,2024-01-27,LightGBM,9612.164261415037
16,2024-01-28,LightGBM,9838.40453598746
16,2024-01-29,LightGBM,8686.267239708299
16,2024-01-30,LightGBM,8264.89471578059
16,2024-01-03,Ridge,5947.844755225618
16,2024-01-04,Ridge,5826.180766264739
16,2024-01-05,Ridge,7273.996754270527
16,2024-01-06,Ridge,6179.167601480351
16,2024-01-07,Ridge,5827.090006454793
16,2024-01-08,Ridge,6460.987779334497
16,2024-01-09,Ridge,5580.432353694392
16,2024-01-10,Ridge,5563.905189871717
16,2024-01-11,Ridge,6092.847059093898
16,2024-01-12,Ridge,5996.786137377247
16,2024-01-13,Ridge,6647.769408944121
16,2024-01-14,Ridge,5448.146952375706
16,2024-01-15,Ridge,5981.5331197236
16,2024-01-16,Ridge,5886.368644327253
16,2024-01-17,Ridge,5853.257971389625
16,2024-01-18,Ridge,6428.336187633048
16,2024-01-19,Ridge,8805.915746539062
16,2024-01-20,Ridge,10602.469910554348
16,2024-01-21,Ridge,9232.093397823715
16,2024-01-22,Ridge,9992.081006868451
16,2024-01-23,Ridge,8831.094516361418
16,2024-01-24,Ridge,9785.08792622913
16,2024-01-25,Ridge,10142.140722119857
16,2024-01-26,Ridge,9631.828490765847
16,2024-01-27,Ridge,9604.318916888224
16,2024-01-28,Ridge,9756.56272182874
16,2024-01-29,Ridge,8683.253500053901
16,2024-01-30,Ridge,8315.480885307472
16,2024-01-03,Ensemble zwykła średnia,5992.063419461682
16,2024-01-04,Ensemble zwykła średnia,5922.240219020336
16,2024-01-05,Ensemble zwykła średnia,7195.354804707748
16,2024-01-06,Ensemble zwykła średnia,6154.324379515233
16,2024-01-07,Ensemble zwykła średnia,5918.605590636911
16,2024-01-08,Ensemble zwykła średnia,6442.547860235347
16,2024-01-09,Ensemble zwykła średnia,5705.9759997316505
16,2024-01-10,Ensemble zwykła średnia,5666.030109151848
16,2024-01-11,Ensemble zwykła średnia,6168.865714300705
16,2024-01-12,Ensemble zwykła średnia,6018.827561017101
16,2024-01-13,Ensemble zwykła średnia,6585.156050028662
16,2024-01-14,Ensemble zwykła średnia,5525.377754680446
16,2024-01-15,Ensemble zwykła średnia,5973.720092608365
16,2024-01-16,Ensemble zwykła średnia,5987.45345909485
16,2024-01-17,Ensemble zwykła średnia,5906.394959060371
16,2024-01-18,Ensemble zwykła średnia,6417.700492592128
16,2024-01-19,Ensemble zwykła średnia,8832.819044513262
16,2024-01-20,Ensemble zwykła średnia,10739.056517490686
16,2024-01-21,Ensemble zwykła średnia,9309.399363534583
16,2024-01-22,Ensemble zwykła średnia,10048.42491837457
16,2024-01-23,Ensemble zwykła średnia,8867.591485540257
16,2024-01-24,Ensemble zwykła średnia,9838.150678426711
16,2024-01-25,Ensemble zwykła średnia,10192.072721227678
16,2024-01-26,Ensemble zwykła średnia,9663.911882442248
16,2024-01-27,Ensemble zwykła średnia,9636.771700556244
16,2024-01-28,Ensemble zwykła średnia,9800.429415838502
16,2024-01-29,Ensemble zwykła średnia,8692.781999774566
16,2024-01-30,Ensemble zwykła średnia,8310.712783782314
16,2024-01-03,Ensemble ważona średnia,5973.838526101177
16,2024-01-04,Ensemble ważona średnia,5868.443869829462
16,2024-01-05,Ensemble ważona średnia,7265.822644617842
16,2024-01-06,Ensemble ważona średnia,6180.818089618099
16,2024-01-07,Ensemble ważona średnia,5867.853563418965
16,2024-01-08,Ensemble ważona średnia,6468.219434086102
16,2024-01-09,Ensemble ważona średnia,5632.3761029446005
16,2024-01-10,Ensemble ważona średnia,5606.349231544376
16,2024-01-11,Ensemble ważona średnia,6130.078017777987
16,2024-01-12,Ensemble ważona średnia,6013.079550614257
16,2024-01-13,Ensemble ważona średnia,6640.511475507086
16,2024-01-14,Ensemble ważona średnia,5479.6669042955855
16,2024-01-15,Ensemble ważona średnia,5986.204986258319
16,2024-01-16,Ensemble ważona średnia,5932.683579083895
16,2024-01-17,Ensemble ważona średnia,5880.248830710234
16,2024-01-18,Ensemble ważona średnia,6436.187608183455
16,2024-01-19,Ensemble ważona średnia,8825.195917293064
16,2024-01-20,Ensemble ważona średnia,10656.21085541899
16,2024-01-21,Ensemble ważona średnia,9267.69950189911
16,2024-01-22,Ensemble ważona średnia,10020.434140003217
16,2024-01-23,Ensemble ważona średnia,8851.142049053533
16,2024-01-24,Ensemble ważona średnia,9814.098039656552
16,2024-01-25,Ensemble ważona średnia,10166.221772271234
16,2024-01-26,Ensemble ważona średnia,9650.09488089796
16,2024-01-27,Ensemble ważona średnia,9627.481702960218
16,2024-01-28,Ensemble ważona średnia,9777.186470212253
16,2024-01-29,Ensemble ważona średnia,8689.94781389624
16,2024-01-30,Ensemble ważona średnia,8319.492734592635
17,2024-01-03,ARIMAX,6032.699232590549
17,2024-01-04,ARIMAX,5915.815884518365
17,2024-01-05,ARIMAX,7376.786589044856
17,2024-01-06,ARIMAX,6239.857299662244
17,2024-01-07,ARIMAX,5915.815884518365
17,2024-01-08,ARIMAX,6546.078649210163
17,2024-01-09,ARIMAX,5675.636723287929
17,2024-01-10,ARIMAX,5642.615629129187
17,2024-01-11,ARIMAX,6189.016139907543
17,2024-01-12,ARIMAX,6061.326045010934
17,2024-01-13,ARIMAX,6724.609903861474
17,2024-01-14,ARIMAX,5503.81836056542
17,2024-01-15,ARIMAX,6028.304950852192
17,2024-01-16,ARIMAX,5992.965246503008
17,2024-01-17,ARIMAX,5926.9230581855245
17,2024-01-18,ARIMAX,6501.950381384263
17,2024-01-19,ARIMAX,5525.732281057003
17,2024-01-20,ARIMAX,10687.569662445962
17,2024-01-21,ARIMAX,9314.855493571271
17,2024-01-22,ARIMAX,10068.41407142132
17,2024-01-23,ARIMAX,8891.750795951168
17,2024-01-24,ARIMAX,9872.363178016787
17,2024-01-25,ARIMAX,10202.817058246732
17,2024-01-26,ARIMAX,9689.437641627117
17,2024-01-27,ARIMAX,9693.831923365475
17,2024-01-28,ARIMAX,9806.320989699303
17,2024-01-29,ARIMAX,8708.8252595615
17,2024-01-30,ARIMAX,8351.762750258878
17,2024-01-03,LightGBM,5995.646270568879
17,2024-01-04,LightGBM,6024.724006277903
17,2024-01-05,LightGBM,6935.2810708078605
17,2024-01-06,LightGBM,6043.9482374031
17,2024-01-07,LightGBM,6012.910880937574
17,2024-01-08,LightGBM,6320.5771521613815
17,2024-01-09,LightGBM,5861.858922212632
17,2024-01-10,LightGBM,5791.569508454638
17,2024-01-11,LightGBM,6224.7339439006755
17,2024-01-12,LightGBM,5998.370500663123
17,2024-01-13,LightGBM,6383.088837280392
17,2024-01-14,LightGBM,5624.167951100213
17,2024-01-15,LightGBM,5911.322207249303
17,2024-01-16,LightGBM,6083.02648645429
17,2024-01-17,LightGBM,5939.003847605964
17,2024-01-18,LightGBM,6322.814908759074
17,2024-01-19,LightGBM,5797.901661683008
17,2024-01-20,LightGBM,10927.129979471745
17,2024-01-21,LightGBM,9381.249199208765
17,2024-01-22,LightGBM,10084.779676833938
17,2024-01-23,LightGBM,8879.929144308184
17,2024-01-24,LightGBM,9857.000931034218
17,2024-01-25,LightGBM,10231.260383316443
17,2024-01-26,LightGBM,9670.469514933777
17,2024-01-27,LightGBM,9612.164261415037
17,2024-01-28,LightGBM,9838.40453598746
17,2024-01-29,LightGBM,8686.267239708299
17,2024-01-30,LightGBM,8264.89471578059
17,2024-01-03,Ridge,5947.844755225618
17,2024-01-04,Ridge,5826.180766264739
17,2024-01-05,Ridge,7273.996754270527
17,2024-01-06,Ridge,6179.167601480351
17,2024-01-07,Ridge,5827.090006454793
17,2024-01-08,Ridge,6460.987779334497
17,2024-01-09,Ridge,5580.432353694392
17,2024-01-10,Ridge,5563.905189871717
17,2024-01-11,Ridge,6092.847059093898
17,2024-01-12,Ridge,5996.786137377247
17,2024-01-13,Ridge,6647.769408944121
17,2024-01-14,Ridge,5448.146952375706
17,2024-01-15,Ridge,5981.5331197236
17,2024-01-16,Ridge,5886.368644327253
17,2024-01-17,Ridge,5853.257971389625
17,2024-01-18,Ridge,6428.336187633048
17,2024-01-19,Ridge,5447.479890225666
17,2024-01-20,Ridge,10602.469910554348
17,2024-01-21,Ridge,9232.093397823715
17,2024-01-22,Ridge,9992.081006868451
17,2024-01-23,Ridge,8831.094516361418
17,2024-01-24,Ridge,9785.08792622913
17,2024-01-25,Ridge,10142.140722119857
17,2024-01-26,Ridge,9631.828490765847
17,2024-01-27,Ridge,9604.318916888224
17,2024-01-28,Ridge,9756.56272182874
17,2024-01-29,Ridge,8683.253500053901
17,2024-01-30,Ridge,8315.480885307472
17,2024-01-03,Ensemble zwykła średnia,5992.063419461682
17,2024-01-04,Ensemble zwykła średnia,5922.240219020336
17,2024-01-05,Ensemble zwykła średnia,7195.354804707748
17,2024-01-06,Ensemble zwykła średnia,6154.324379515233
17,2024-01-07,Ensemble zwykła średnia,5918.605590636911
17,2024-01-08,Ensemble zwykła średnia,6442.547860235347
17,2024-01-09,Ensemble zwykła średnia,5705.9759997316505
17,2024-01-10,Ensemble zwykła średnia,5666.030109151848
17,2024-01-11,Ensemble zwykła średnia,6168.865714300705
17,2024-01-12,Ensemble zwykła średnia,6018.827561017101
17,2024-01-13,Ensemble zwykła średnia,6585.156050028662
17,2024-01-14,Ensemble zwykła średnia,5525.377754680446
17,2024-01-15,Ensemble zwykła średnia,5973.720092608365
17,2024-01-16,Ensemble zwykła średnia,5987.45345909485
17,2024-01-17,Ensemble zwykła średnia,5906.394959060371
17,2024-01-18,Ensemble zwykła średnia,6417.700492592128
17,2024-01-19,Ensemble zwykła średnia,5590.371277655225
17,2024-01-20,Ensemble zwykła średnia,10739.056517490686
17,2024-01-21,Ensemble zwykła średnia,9309.399363534583
17,2024-01-22,Ensemble zwykła średnia,10048.42491837457
17,2024-01-23,Ensemble zwykła średnia,8867.591485540257
17,2024-01-24,Ensemble zwykła średnia,9838.150678426711
17,2024-01-25,Ensemble zwykła średnia,10192.072721227678
17,2024-01-26,Ensemble zwykła średnia,9663.911882442248
17,2024-01-27,Ensemble zwykła średnia,9636.771700556244
17,2024-01-28,Ensemble zwykła średnia,9800.429415838502
17,2024-01-29,Ensemble zwykła średnia,8692.781999774566
17,2024-01-30,Ensemble zwykła średnia,8310.712783782314
17,2024-01-03,Ensemble ważona średnia,5973.838526101177
17,2024-01-04,Ensemble ważona średnia,5868.443869829462
17,2024-01-05,Ensemble ważona średnia,7265.822644617842
17,2024-01-06,Ensemble ważona średnia,6180.818089618099
17,2024-01-07,Ensemble ważona średnia,5867.853563418965
17,2024-01-08,Ensemble ważona średnia,6468.219434086102
17,2024-01-09,Ensemble ważona średnia,5632.3761029446005
17,2024-01-10,Ensemble ważona średnia,5606.349231544376
17,2024-01-11,Ensemble ważona średnia,6130.078017777987
17,2024-01-12,Ensemble ważona średnia,6013.079550614257
17,2024-01-13,Ensemble ważona średnia,6640.511475507086
17,2024-01-14,Ensemble ważona średnia,5479.6669042955855
17,2024-01-15,Ensemble ważona średnia,5986.204986258319
17,2024-01-16,Ensemble ważona średnia,5932.683579083895
17,2024-01-17,Ensemble ważona średnia,5880.248830710234
17,2024-01-18,Ensemble ważona średnia,6436.187608183455
17,2024-01-19,Ensemble ważona średnia,5502.085165079235
17,2024-01-20,Ensemble ważona średnia,10656.21085541899
17,2024-01-21,Ensemble ważona średnia,9267.69950189911
17,2024-01-22,Ensemble ważona średnia,10020.434140003217
17,2024-01-23,Ensemble ważona średnia,8851.142049053533
17,2024-01-24,Ensemble ważona średnia,9814.098039656552
17,2024-01-25,Ensemble ważona średnia,10166.221772271234
17,2024-01-26,Ensemble ważona średnia,9650.09488089796
17,2024-01-27,Ensemble ważona średnia,9627.481702960218
17,2024-01-28,Ensemble ważona średnia,9777.186470212253
17,2024-01-29,Ensemble ważona średnia,8689.94781389624
17,2024-01-30,Ensemble ważona średnia,8319.492734592635
18,2024-01-03,ARIMAX,6032.699232590549
18,2024-01-04,ARIMAX,5915.815884518365
18,2024-01-05,ARIMAX,7376.786589044856
18,2024-01-06,ARIMAX,6239.857299662244
18,2024-01-07,ARIMAX,5915.815884518365
18,2024-01-08,ARIMAX,6546.078649210163
18,2024-01-09,ARIMAX,5675.636723287929
18,2024-01-10,ARIMAX,5642.615629129187
18,2024-01-11,ARIMAX,6189.016139907543
18,2024-01-12,ARIMAX,6061.326045010934
18,2024-01-13,ARIMAX,6724.609903861474
18,2024-01-14,ARIMAX,5503.81836056542
18,2024-01-15,ARIMAX,6028.304950852192
18,2024-01-16,ARIMAX,5992.965246503008
18,2024-01-17,ARIMAX,5926.9230581855245
18,2024-01-18,ARIMAX,6501.950381384263
18,2024-01-19,ARIMAX,5525.732281057003
18,2024-01-20,ARIMAX,7332.658321218954
18,2024-01-21,ARIMAX,9314.855493571271
18,2024-01-22,ARIMAX,10068.41407142132
18,2024-01-23,ARIMAX,8891.750795951168
18,2024-01-24,ARIMAX,9872.363178016787
18,2024-01-25,ARIMAX,10202.817058246732
18,2024-01-26,ARIMAX,9689.437641627117
18,2024-01-27,ARIMAX,9693.831923365475
18,2024-01-28,ARIMAX,9806.320989699303
18,2024-01-29,ARIMAX,8708.8252595615
18,2024-01-30,ARIMAX,8351.762750258878
18,2024-01-03,LightGBM,5995.646270568879
18,2024-01-04,LightGBM,6024.724006277903
18,2024-01-05,LightGBM,6935.2810708078605
18,2024-01-06,LightGBM,6043.9482374031
18,2024-01-07,LightGBM,6012.910880937574
18,2024-01-08,LightGBM,6320.5771521613815
18,2024-01-09,LightGBM,5861.858922212632
18,2024-01-10,LightGBM,5791.569508454638
18,2024-01-11,LightGBM,6224.7339439006755
18,2024-01-12,LightGBM,5998.370500663123
18,2024-01-13,LightGBM,6383.088837280392
18,2024-01-14,LightGBM,5624.167951100213
18,2024-01-15,LightGBM,5911.322207249303
18,2024-01-16,LightGBM,6083.02648645429
18,2024-01-17,LightGBM,5939.003847605964
18,2024-01-18,LightGBM,6322.814908759074
18,2024-01-19,LightGBM,5797.901661683008
18,2024-01-20,LightGBM,7049.614104694705
18,2024-01-21,LightGBM,9381.249199208765
18,2024-01-22,LightGBM,10084.779676833938
18,2024-01-23,LightGBM,8879.929144308184
18,2024-01-24,LightGBM,9857.000931034218
18,2024-01-25,LightGBM,10231.260383316443
18,2024-01-26,LightGBM,9670.469514933777
18,2024-01-27,LightGBM,9612.164261415037
18,2024-01-28,LightGBM,9838.40453598746
18,2024-01-29,LightGBM,8686.267239708299
18,2024-01-30,LightGBM,8264.89471578059
18,2024-01-03,Ridge,5947.844755225618
18,2024-01-04,Ridge,5826.180766264739
18,2024-01-05,Ridge,7273.996754270527
18,2024-01-06,Ridge,6179.167601480351
18,2024-01-07,Ridge,5827.090006454793
18,2024-01-08,Ridge,6460.987779334497
18,2024-01-09,Ridge,5580.432353694392
18,2024-01-10,Ridge,5563.905189871717
18,2024-01-11,Ridge,6092.847059093898
18,2024-01-12,Ridge,5996.786137377247
18,2024-01-13,Ridge,6647.769408944121
18,2024-01-14,Ridge,5448.146952375706
18,2024-01-15,Ridge,5981.5331197236
18,2024-01-16,Ridge,5886.368644327253
18,2024-01-17,Ridge,5853.257971389625
18,2024-01-18,Ridge,6428.336187633048
18,2024-01-19,Ridge,5447.479890225666
18,2024-01-20,Ridge,7244.034054240953
18,2024-01-21,Ridge,9232.093397823715
18,2024-01-22,Ridge,9992.081006868451
18,2024-01-23,Ridge,8831.094516361418
18,2024-01-24,Ridge,9785.08792622913
18,2024-01-25,Ridge,10142.140722119857
18,2024-01-26,Ridge,9631.828490765847
18,2024-01-27,Ridge,9604.318916888224
18,2024-01-28,Ridge,9756.56272182874
18,2024-01-29,Ridge,8683.253500053901
18,2024-01-30,Ridge,8315.480885307472
18,2024-01-03,Ensemble zwykła średnia,5992.063419461682
18,2024-01-04,Ensemble zwykła średnia,5922.240219020336
18,2024-01-05,Ensemble zwykła średnia,7195.354804707748
18,2024-01-06,Ensemble zwykła średnia,6154.324379515233
18,2024-01-07,Ensemble zwykła średnia,5918.605590636911
18,2024-01-08,Ensemble zwykła średnia,6442.547860235347
18,2024-01-09,Ensemble zwykła średnia,5705.9759997316505
18,2024-01-10,Ensemble zwykła średnia,5666.030109151848
18,2024-01-11,Ensemble zwykła średnia,6168.865714300705
18,2024-01-12,Ensemble zwykła średnia,6018.827561017101
18,2024-01-13,Ensemble zwykła średnia,6585.156050028662
18,2024-01-14,Ensemble zwykła średnia,5525.377754680446
18,2024-01-15,Ensemble zwykła średnia,5973.720092608365
18,2024-01-16,Ensemble zwykła średnia,5987.45345909485
18,2024-01-17,Ensemble zwykła średnia,5906.394959060371
18,2024-01-18,Ensemble zwykła średnia,6417.700492592128
18,2024-01-19,Ensemble zwykła średnia,5590.371277655225
18,2024-01-20,Ensemble zwykła średnia,7208.768826718205
18,2024-01-21,Ensemble zwykła średnia,9309.399363534583
18,2024-01-22,Ensemble zwykła średnia,10048.42491837457
18,2024-01-23,Ensemble zwykła średnia,8867.591485540257
18,2024-01-24,Ensemble zwykła średnia,9838.150678426711
18,2024-01-25,Ensemble zwykła średnia,10192.072721227678
18,2024-01-26,Ensemble zwykła średnia,9663.911882442248
18,2024-01-27,Ensemble zwykła średnia,9636.771700556244
18,2024-01-28,Ensemble zwykła średnia,9800.429415838502
18,2024-01-29,Ensemble zwykła średnia,8692.781999774566
18,2024-01-30,Ensemble zwykła średnia,8310.712783782314
18,2024-01-03,Ensemble ważona średnia,5973.838526101177
18,2024-01-04,Ensemble ważona średnia,5868.443869829462
18,2024-01-05,Ensemble ważona średnia,7265.822644617842
18,2024-01-06,Ensemble ważona średnia,6180.818089618099
18,2024-01-07,Ensemble ważona średnia,5867.853563418965
18,2024-01-08,Ensemble ważona średnia,6468.219434086102
18,2024-01-09,Ensemble ważona średnia,5632.3761029446005
18,2024-01-10,Ensemble ważona średnia,5606.349231544376
18,2024-01-11,Ensemble ważona średnia,6130.078017777987
18,2024-01-12,Ensemble ważona średnia,6013.079550614257
18,2024-01-13,Ensemble ważona średnia,6640.511475507086
18,2024-01-14,Ensemble ważona średnia,5479.6669042955855
18,2024-01-15,Ensemble ważona średnia,5986.204986258319
18,2024-01-16,Ensemble ważona średnia,5932.683579083895
18,2024-01-17,Ensemble ważona średnia,5880.248830710234
18,2024-01-18,Ensemble ważona średnia,6436.187608183455
18,2024-01-19,Ensemble ważona średnia,5502.085165079235
18,2024-01-20,Ensemble ważona średnia,7246.748126030829
18,2024-01-21,Ensemble ważona średnia,9267.69950189911
18,2024-01-22,Ensemble ważona średnia,10020.434140003217
18,2024-01-23,Ensemble ważona średnia,8851.142049053533
18,2024-01-24,Ensemble ważona średnia,9814.098039656552
18,2024-01-25,Ensemble ważona średnia,10166.221772271234
18,2024-01-26,Ensemble ważona średnia,9650.09488089796
18,2024-01-27,Ensemble ważona średnia,9627.481702960218
18,2024-01-28,Ensemble ważona średnia,9777.186470212253
18,2024-01-29,Ensemble ważona średnia,8689.94781389624
18,2024-01-30,Ensemble ważona średnia,8319.492734592635
19,2024-01-03,ARIMAX,6032.699232590549
19,2024-01-04,ARIMAX,5915.815884518365
19,2024-01-05,ARIMAX,7376.786589044856
19,2024-01-06,ARIMAX,6239.857299662244
19,2024-01-07,ARIMAX,5915.815884518365
19,2024-01-08,ARIMAX,6546.078649210163
19,2024-01-09,ARIMAX,5675.636723287929
19,2024-01-10,ARIMAX,5642.615629129187
19,2024-01-11,ARIMAX,6189.016139907543
19,2024-01-12,ARIMAX,6061.326045010934
19,2024-01-13,ARIMAX,6724.609903861474
19,2024-01-14,ARIMAX,5503.81836056542
19,2024-01-15,ARIMAX,6028.304950852192
19,2024-01-16,ARIMAX,5992.965246503008
19,2024-01-17,ARIMAX,5926.9230581855245
19,2024-01-18,ARIMAX,6501.950381384263
19,2024-01-19,ARIMAX,5525.732281057003
19,2024-01-20,ARIMAX,7332.658321218954
19,2024-01-21,ARIMAX,5959.944152344266
19,2024-01-22,ARIMAX,10068.41407142132
19,2024-01-23,ARIMAX,8891.750795951168
19,2024-01-24,ARIMAX,9872.363178016787
19,2024-01-25,ARIMAX,10202.817058246732
19,2024-01-26,ARIMAX,9689.437641627117
19,2024-01-27,ARIMAX,9693.831923365475
19,2024-01-28,ARIMAX,9806.320989699303
19,2024-01-29,ARIMAX,8708.8252595615
19,2024-01-30,ARIMAX,8351.762750258878
19,2024-01-03,LightGBM,5995.646270568879
19,2024-01-04,LightGBM,6024.724006277903
19,2024-01-05,LightGBM,6935.2810708078605
19,2024-01-06,LightGBM,6043.9482374031
19,2024-01-07,LightGBM,6012.910880937574
19,2024-01-08,LightGBM,6320.5771521613815
19,2024-01-09,LightGBM,5861.858922212632
19,2024-01-10,LightGBM,5791.569508454638
19,2024-01-11,LightGBM,6224.7339439006755
19,2024-01-12,LightGBM,5998.370500663123
19,2024-01-13,LightGBM,6383.088837280392
19,2024-01-14,LightGBM,5624.167951100213
19,2024-01-15,LightGBM,5911.322207249303
19,2024-01-16,LightGBM,6083.02648645429
19,2024-01-17,LightGBM,5939.003847605964
19,2024-01-18,LightGBM,6322.814908759074
19,2024-01-19,LightGBM,5797.901661683008
19,2024-01-20,LightGBM,7049.614104694705
19,2024-01-21,LightGBM,6039.077915228816
19,2024-01-22,LightGBM,10084.779676833938
19,2024-01-23,LightGBM,8879.929144308184
19,2024-01-24,LightGBM,9857.000931034218
19,2024-01-25,LightGBM,10231.260383316443
19,2024-01-26,LightGBM,9670.469514933777
19,2024-01-27,LightGBM,9612.164261415037
19,2024-01-28,LightGBM,9838.40453598746
19,2024-01-29,LightGBM,8686.267239708299
19,2024-01-30,LightGBM,8264.89471578059
19,2024-01-03,Ridge,5947.844755225618
19,2024-01-04,Ridge,5826.180766264739
19,2024-01-05,Ridge,7273.996754270527
19,2024-01-06,Ridge,6179.167601480351
19,2024-01-07,Ridge,5827.090006454793
19,2024-01-08,Ridge,6460.987779334497
19,2024-01-09,Ridge,5580.432353694392
19,2024-01-10,Ridge,5563.905189871717
19,2024-01-11,Ridge,6092.847059093898
19,2024-01-12,Ridge,5996.786137377247
19,2024-01-13,Ridge,6647.769408944121
19,2024-01-14,Ridge,5448.146952375706
19,2024-01-15,Ridge,5981.5331197236
19,2024-01-16,Ridge,5886.368644327253
19,2024-01-17,Ridge,5853.257971389625
19,2024-01-18,Ridge,6428.336187633048
19,2024-01-19,Ridge,5447.479890225666
19,2024-01-20,Ridge,7244.034054240953
19,2024-01-21,Ridge,5873.657541510322
19,2024-01-22,Ridge,9992.081006868451
19,2024-01-23,Ridge,8831.094516361418
19,2024-01-24,Ridge,9785.08792622913
19,2024-01-25,Ridge,10142.140722119857
19,2024-01-26,Ridge,9631.828490765847
19,2024-01-27,Ridge,9604.318916888224
19,2024-01-28,Ridge,9756.56272182874
19,2024-01-29,Ridge,8683.253500053901
19,2024-01-30,Ridge,8315.480885307472
19,2024-01-03,Ensemble zwykła średnia,5992.063419461682
19,2024-01-04,Ensemble zwykła średnia,5922.240219020336
19,2024-01-05,Ensemble zwykła średnia,7195.354804707748
19,2024-01-06,Ensemble zwykła średnia,6154.324379515233
19,2024-01-07,Ensemble zwykła średnia,5918.605590636911
19,2024-01-08,Ensemble zwykła średnia,6442.547860235347
19,2024-01-09,Ensemble zwykła średnia,5705.9759997316505
19,2024-01-10,Ensemble zwykła średnia,5666.030109151848
19,2024-01-11,Ensemble zwykła średnia,6168.865714300705
19,2024-01-12,Ensemble zwykła średnia,6018.827561017101
19,2024-01-13,Ensemble zwykła średnia,6585.156050028662
19,2024-01-14,Ensemble zwykła średnia,5525.377754680446
19,2024-01-15,Ensemble zwykła średnia,5973.720092608365
19,2024-01-16,Ensemble zwykła średnia,5987.45345909485
19,2024-01-17,Ensemble zwykła średnia,5906.394959060371
19,2024-01-18,Ensemble zwykła średnia,6417.700492592128
19,2024-01-19,Ensemble zwykła średnia,5590.371277655225
19,2024-01-20,Ensemble zwykła średnia,7208.768826718205
19,2024-01-21,Ensemble zwykła średnia,5957.559869694468
19,2024-01-22,Ensemble zwykła średnia,10048.42491837457
19,2024-01-23,Ensemble zwykła średnia,8867.591485540257
19,2024-01-24,Ensemble zwykła średnia,9838.150678426711
19,2024-01-25,Ensemble zwykła średnia,10192.072721227678
19,2024-01-26,Ensemble zwykła średnia,9663.911882442248
19,2024-01-27,Ensemble zwykła średnia,9636.771700556244
19,2024-01-28,Ensemble zwykła średnia,9800.429415838502
19,2024-01-29,Ensemble zwykła średnia,8692.781999774566
19,2024-01-30,Ensemble zwykła średnia,8310.712783782314
19,2024-01-03,Ensemble ważona średnia,5973.838526101177
19,2024-01-04,Ensemble ważona średnia,5868.443869829462
19,2024-01-05,Ensemble ważona średnia,7265.822644617842
19,2024-01-06,Ensemble ważona średnia,6180.818089618099
19,2024-01-07,Ensemble ważona średnia,5867.853563418965
19,2024-01-08,Ensemble ważona średnia,6468.219434086102
19,2024-01-09,Ensemble ważona średnia,5632.3761029446005
19,2024-01-10,Ensemble ważona średnia,5606.349231544376
19,2024-01-11,Ensemble ważona średnia,6130.078017777987
19,2024-01-12,Ensemble ważona średnia,6013.079550614257
19,2024-01-13,Ensemble ważona średnia,6640.511475507086
19,2024-01-14,Ensemble ważona średnia,5479.6669042955855
19,2024-01-15,Ensemble ważona średnia,5986.204986258319
19,2024-01-16,Ensemble ważona średnia,5932.683579083895
19,2024-01-17,Ensemble ważona średnia,5880.248830710234
19,2024-01-18,Ensemble ważona średnia,6436.187608183455
19,2024-01-19,Ensemble ważona średnia,5502.085165079235
19,2024-01-20,Ensemble ważona średnia,7246.748126030829
19,2024-01-21,Ensemble ważona średnia,5911.771231590657
19,2024-01-22,Ensemble ważona średnia,10020.434140003217
19,2024-01-23,Ensemble ważona średnia,8851.142049053533
19,2024-01-24,Ensemble ważona średnia,9814.098039656552
19,2024-01-25,Ensemble ważona średnia,10166.221772271234
19,2024-01-26,Ensemble ważona średnia,9650.09488089796
19,2024-01-27,Ensemble ważona średnia,9627.481702960218
19,2024-01-28,Ensemble ważona średnia,9777.186470212253
19,2024-01-29,Ensemble ważona średnia,8689.94781389624
19,2024-01-30,Ensemble ważona średnia,8319.492734592635
20,2024-01-03,ARIMAX,6032.699232590549
20,2024-01-04,ARIMAX,5915.815884518365
20,2024-01-05,ARIMAX,7376.786589044856
20,2024-01-06,ARIMAX,6239.857299662244
20,2024-01-07,ARIMAX,5915.815884518365
20,2024-01-08,ARIMAX,6546.078649210163
20,2024-01-09,ARIMAX,5675.636723287929
20,2024-01-10,ARIMAX,5642.615629129187
20,2024-01-11,ARIMAX,6189.016139907543
20,2024-01-12,ARIMAX,6061.326045010934
20,2024-01-13,ARIMAX,6724.609903861474
20,2024-01-14,ARIMAX,5503.81836056542
20,2024-01-15,ARIMAX,6028.304950852192
20,2024-01-16,ARIMAX,5992.965246503008
20,2024-01-17,ARIMAX,5926.9230581855245
20,2024-01-18,ARIMAX,6501.950381384263
20,2024-01-19,ARIMAX,5525.732281057003
20,2024-01-20,ARIMAX,7332.658321218954
20,2024-01-21,ARIMAX,5959.944152344266
20,2024-01-22,ARIMAX,6713.5027301943155
20,2024-01-23,ARIMAX,8891.750795951168
20,2024-01-24,ARIMAX,9872.363178016787
20,2024-01-25,ARIMAX,10202.817058246732
20,2024-01-26,ARIMAX,9689.437641627117
20,2024-01-27,ARIMAX,9693.831923365475
20,2024-01-28,ARIMAX,9806.320989699303
20,2024-01-29,ARIMAX,8708.8252595615
20,2024-01-30,ARIMAX,8351.762750258878
20,2024-01-03,LightGBM,5995.646270568879
20,2024-01-04,LightGBM,6024.724006277903
20,2024-01-05,LightGBM,6935.2810708078605
20,2024-01-06,LightGBM,6043.9482374031
20,2024-01-07,LightGBM,6012.910880937574
20,2024-01-08,LightGBM,6320.5771521613815
20,2024-01-09,LightGBM,5861.858922212632
20,2024-01-10,LightGBM,5791.569508454638
20,2024-01-11,LightGBM,6224.7339439006755
20,2024-01-12,LightGBM,5998.370500663123
20,2024-01-13,LightGBM,6383.088837280392
20,2024-01-14,LightGBM,5624.167951100213
20,2024-01-15,LightGBM,5911.322207249303
20,2024-01-16,LightGBM,6083.02648645429
20,2024-01-17,LightGBM,5939.003847605964
20,2024-01-18,LightGBM,6322.814908759074
20,2024-01-19,LightGBM,5797.901661683008
20,2024-01-20,LightGBM,7049.614104694705
20,2024-01-21,LightGBM,6039.077915228816
20,2024-01-22,LightGBM,6462.99100288789
20,2024-01-23,LightGBM,8879.929144308184
20,2024-01-24,LightGBM,9857.000931034218
20,2024-01-25,LightGBM,10231.260383316443
20,2024-01-26,LightGBM,9670.469514933777
20,2024-01-27,LightGBM,9612.164261415037
20,2024-01-28,LightGBM,9838.40453598746
20,2024-01-29,LightGBM,8686.267239708299
20,2024-01-30,LightGBM,8264.89471578059
20,2024-01-03,Ridge,5947.844755225618
20,2024-01-04,Ridge,5826.180766264739
20,2024-01-05,Ridge,7273.996754270527
20,2024-01-06,Ridge,6179.167601480351
20,2024-01-07,Ridge,5827.090006454793
20,2024-01-08,Ridge,6460.987779334497
20,2024-01-09,Ridge,5580.432353694392
20,2024-01-10,Ridge,5563.905189871717
20,2024-01-11,Ridge,6092.847059093898
20,2024-01-12,Ridge,5996.786137377247
20,2024-01-13,Ridge,6647.769408944121
20,2024-01-14,Ridge,5448.146952375706
20,2024-01-15,Ridge,5981.5331197236
20,2024-01-16,Ridge,5886.368644327253
20,2024-01-17,Ridge,5853.257971389625
20,2024-01-18,Ridge,6428.336187633048
20,2024-01-19,Ridge,5447.479890225666
20,2024-01-20,Ridge,7244.034054240953
20,2024-01-21,Ridge,5873.657541510322
20,2024-01-22,Ridge,6633.645150555055
20,2024-01-23,Ridge,8831.094516361418
20,2024-01-24,Ridge,9785.08792622913
20,2024-01-25,Ridge,10142.140722119857
20,2024-01-26,Ridge,9631.828490765847
20,2024-01-27,Ridge,9604.318916888224
20,2024-01-28,Ridge,9756.56272182874
20,2024-01-29,Ridge,8683.253500053901
20,2024-01-30,Ridge,8315.480885307472
20,2024-01-03,Ensemble zwykła średnia,5992.063419461682
20,2024-01-04,Ensemble zwykła średnia,5922.240219020336
20,2024-01-05,Ensemble zwykła średnia,7195.354804707748
20,2024-01-06,Ensemble zwykła średnia,6154.324379515233
20,2024-01-07,Ensemble zwykła średnia,5918.605590636911
20,2024-01-08,Ensemble zwykła średnia,6442.547860235347
20,2024-01-09,Ensemble zwykła średnia,5705.9759997316505
20,2024-01-10,Ensemble zwykła średnia,5666.030109151848
20,2024-01-11,Ensemble zwykła średnia,6168.865714300705
20,2024-01-12,Ensemble zwykła średnia,6018.827561017101
20,2024-01-13,Ensemble zwykła średnia,6585.156050028662
20,2024-01-14,Ensemble zwykła średnia,5525.377754680446
20,2024-01-15,Ensemble zwykła średnia,5973.720092608365
20,2024-01-16,Ensemble zwykła średnia,5987.45345909485
20,2024-01-17,Ensemble zwykła średnia,5906.394959060371
20,2024-01-18,Ensemble zwykła średnia,6417.700492592128
20,2024-01-19,Ensemble zwykła średnia,5590.371277655225
20,2024-01-20,Ensemble zwykła średnia,7208.768826718205
20,2024-01-21,Ensemble zwykła średnia,5957.559869694468
20,2024-01-22,Ensemble zwykła średnia,6603.379627879087
20,2024-01-23,Ensemble zwykła średnia,8867.591485540257
20,2024-01-24,Ensemble zwykła średnia,9838.150678426711
20,2024-01-25,Ensemble zwykła średnia,10192.072721227678
20,2024-01-26,Ensemble zwykła średnia,9663.911882442248
20,2024-01-27,Ensemble zwykła średnia,9636.771700556244
20,2024-01-28,Ensemble zwykła średnia,9800.429415838502
20,2024-01-29,Ensemble zwykła średnia,8692.781999774566
20,2024-01-30,Ensemble zwykła średnia,8310.712783782314
20,2024-01-03,Ensemble ważona średnia,5973.838526101177
20,2024-01-04,Ensemble ważona średnia,5868.443869829462
20,2024-01-05,Ensemble ważona średnia,7265.822644617842
20,2024-01-06,Ensemble ważona średnia,6180.818089618099
20,2024-01-07,Ensemble ważona średnia,5867.853563418965
20,2024-01-08,Ensemble ważona średnia,6468.219434086102
20,2024-01-09,Ensemble ważona średnia,5632.3761029446005
20,2024-01-10,Ensemble ważona średnia,5606.349231544376
20,2024-01-11,Ensemble ważona średnia,6130.078017777987
20,2024-01-12,Ensemble ważona średnia,6013.079550614257
20,2024-01-13,Ensemble ważona średnia,6640.511475507086
20,2024-01-14,Ensemble ważona średnia,5479.6669042955855
20,2024-01-15,Ensemble ważona średnia,5986.204986258319
20,2024-01-16,Ensemble ważona średnia,5932.683579083895
20,2024-01-17,Ensemble ważona średnia,5880.248830710234
20,2024-01-18,Ensemble ważona średnia,6436.187608183455
20,2024-01-19,Ensemble ważona średnia,5502.085165079235
20,2024-01-20,Ensemble ważona średnia,7246.748126030829
20,2024-01-21,Ensemble ważona średnia,5911.771231590657
20,2024-01-22,Ensemble ważona średnia,6636.544130698154
20,2024-01-23,Ensemble ważona średnia,8851.142049053533
20,2024-01-24,Ensemble ważona średnia,9814.098039656552
20,2024-01-25,Ensemble ważona średnia,10166.221772271234
20,2024-01-26,Ensemble ważona średnia,9650.09488089796
20,2024-01-27,Ensemble ważona średnia,9627.481702960218
20,2024-01-28,Ensemble ważona średnia,9777.186470212253
20,2024-01-29,Ensemble ważona średnia,8689.94781389624
20,2024-01-30,Ensemble ważona średnia,8319.492734592635
21,2024-01-03,ARIMAX,6032.699232590549
21,2024-01-04,ARIMAX,5915.815884518365
21,2024-01-05,ARIMAX,7376.786589044856
21,2024-01-06,ARIMAX,6239.857299662244
21,2024-01-07,ARIMAX,5915.815884518365
21,2024-01-08,ARIMAX,6546.078649210163
21,2024-01-09,ARIMAX,5675.636723287929
21,2024-01-10,ARIMAX,5642.615629129187
21,2024-01-11,ARIMAX,6189.016139907543
21,2024-01-12,ARIMAX,6061.326045010934
21,2024-01-13,ARIMAX,6724.609903861474
21,2024-01-14,ARIMAX,5503.81836056542
21,2024-01-15,ARIMAX,6028.304950852192
21,2024-01-16,ARIMAX,5992.965246503008
21,2024-01-17,ARIMAX,5926.9230581855245
21,2024-01-18,ARIMAX,6501.950381384263
21,2024-01-19,ARIMAX,5525.732281057003
21,2024-01-20,ARIMAX,7332.658321218954
21,2024-01-21,ARIMAX,5959.944152344266
21,2024-01-22,ARIMAX,6713.5027301943155
21,2024-01-23,ARIMAX,5536.839454724161
21,2024-01-24,ARIMAX,9872.363178016787
21,2024-01-25,ARIMAX,10202.817058246732
21,2024-01-26,ARIMAX,9689.437641627117
21,2024-01-27,ARIMAX,9693.831923365475
21,2024-01-28,ARIMAX,9806.320989699303
21,2024-01-29,ARIMAX,8708.8252595615
21,2024-01-30,ARIMAX,8351.762750258878
21,2024-01-03,LightGBM,5995.646270568879
21,2024-01-04,LightGBM,6024.724006277903
21,2024-01-05,LightGBM,6935.2810708078605
21,2024-01-06,LightGBM,6043.9482374031
21,2024-01-07,LightGBM,6012.910880937574
21,2024-01-08,LightGBM,6320.5771521613815
21,2024-01-09,LightGBM,5861.858922212632
21,2024-01-10,LightGBM,5791.569508454638
21,2024-01-11,LightGBM,6224.7339439006755
21,2024-01-12,LightGBM,5998.370500663123
21,2024-01-13,LightGBM,6383.088837280392
21,2024-01-14,LightGBM,5624.167951100213
21,2024-01-15,LightGBM,5911.322207249303
21,2024-01-16,LightGBM,6083.02648645429
21,2024-01-17,LightGBM,5939.003847605964
21,2024-01-18,LightGBM,6322.814908759074
21,2024-01-19,LightGBM,5797.901661683008
21,2024-01-20,LightGBM,7049.614104694705
21,2024-01-21,LightGBM,6039.077915228816
21,2024-01-22,LightGBM,6462.99100288789
21,2024-01-23,LightGBM,5735.758980203415
21,2024-01-24,LightGBM,9857.000931034218
21,2024-01-25,LightGBM,10231.260383316443
21,2024-01-26,LightGBM,9670.469514933777
21,2024-01-27,LightGBM,9612.164261415037
21,2024-01-28,LightGBM,9838.40453598746
21,2024-01-29,LightGBM,8686.267239708299
21,2024-01-30,LightGBM,8264.89471578059
21,2024-01-03,Ridge,5947.844755225618
21,2024-01-04,Ridge,5826.180766264739
21,2024-01-05,Ridge,7273.996754270527
21,2024-01-06,Ridge,6179.167601480351
21,2024-01-07,Ridge,5827.090006454793
21,2024-01-08,Ridge,6460.987779334497
21,2024-01-09,Ridge,5580.432353694392
21,2024-01-10,Ridge,5563.905189871717
21,2024-01-11,Ridge,6092.847059093898
21,2024-01-12,Ridge,5996.786137377247
21,2024-01-13,Ridge,6647.769408944121
21,2024-01-14,Ridge,5448.146952375706
21,2024-01-15,Ridge,5981.5331197236
21,2024-01-16,Ridge,5886.368644327253
21,2024-01-17,Ridge,5853.257971389625
21,2024-01-18,Ridge,6428.336187633048
21,2024-01-19,Ridge,5447.479890225666
21,2024-01-20,Ridge,7244.034054240953
21,2024-01-21,Ridge,5873.657541510322
21,2024-01-22,Ridge,6633.645150555055
21,2024-01-23,Ridge,5472.658660048022
21,2024-01-24,Ridge,9785.08792622913
21,2024-01-25,Ridge,10142.140722119857
21,2024-01-26,Ridge,9631.828490765847
21,2024-01-27,Ridge,9604.318916888224
21,2024-01-28,Ridge,9756.56272182874
21,2024-01-29,Ridge,8683.253500053901
21,2024-01-30,Ridge,8315.480885307472
21,2024-01-03,Ensemble zwykła średnia,5992.063419461682
21,2024-01-04,Ensemble zwykła średnia,5922.240219020336
21,2024-01-05,Ensemble zwykła średnia,7195.354804707748
21,2024-01-06,Ensemble zwykła średnia,6154.324379515233
21,2024-01-07,Ensemble zwykła średnia,5918.605590636911
21,2024-01-08,Ensemble zwykła średnia,6442.547860235347
21,2024-01-09,Ensemble zwykła średnia,5705.9759997316505
21,2024-01-10,Ensemble zwykła średnia,5666.030109151848
21,2024-01-11,Ensemble zwykła średnia,6168.865714300705
21,2024-01-12,Ensemble zwykła średnia,6018.827561017101
21,2024-01-13,Ensemble zwykła średnia,6585.156050028662
21,2024-01-14,Ensemble zwykła średnia,5525.377754680446
21,2024-01-15,Ensemble zwykła średnia,5973.720092608365
21,2024-01-16,Ensemble zwykła średnia,5987.45345909485
21,2024-01-17,Ensemble zwykła średnia,5906.394959060371
21,2024-01-18,Ensemble zwykła średnia,6417.700492592128
21,2024-01-19,Ensemble zwykła średnia,5590.371277655225
21,2024-01-20,Ensemble zwykła średnia,7208.768826718205
21,2024-01-21,Ensemble zwykła średnia,5957.559869694468
21,2024-01-22,Ensemble zwykła średnia,6603.379627879087
21,2024-01-23,Ensemble zwykła średnia,5581.752364991866
21,2024-01-24,Ensemble zwykła średnia,9838.150678426711
21,2024-01-25,Ensemble zwykła średnia,10192.072721227678
21,2024-01-26,Ensemble zwykła średnia,9663.911882442248
21,2024-01-27,Ensemble zwykła średnia,9636.771700556244
21,2024-01-28,Ensemble zwykła średnia,9800.429415838502
21,2024-01-29,Ensemble zwykła średnia,8692.781999774566
21,2024-01-30,Ensemble zwykła średnia,8310.712783782314
21,2024-01-03,Ensemble ważona średnia,5973.838526101177
21,2024-01-04,Ensemble ważona średnia,5868.443869829462
21,2024-01-05,Ensemble ważona średnia,7265.822644617842
21,2024-01-06,Ensemble ważona średnia,6180.818089618099
21,2024-01-07,Ensemble ważona średnia,5867.853563418965
21,2024-01-08,Ensemble ważona średnia,6468.219434086102
21,2024-01-09,Ensemble ważona średnia,5632.3761029446005
21,2024-01-10,Ensemble ważona średnia,5606.349231544376
21,2024-01-11,Ensemble ważona średnia,6130.078017777987
21,2024-01-12,Ensemble ważona średnia,6013.079550614257
21,2024-01-13,Ensemble ważona średnia,6640.511475507086
21,2024-01-14,Ensemble ważona średnia,5479.6669042955855
21,2024-01-15,Ensemble ważona średnia,5986.204986258319
21,2024-01-16,Ensemble ważona średnia,5932.683579083895
21,2024-01-17,Ensemble ważona średnia,5880.248830710234
21,2024-01-18,Ensemble ważona średnia,6436.187608183455
21,2024-01-19,Ensemble ważona średnia,5502.085165079235
21,2024-01-20,Ensemble ważona średnia,7246.748126030829
21,2024-01-21,Ensemble ważona średnia,5911.771231590657
21,2024-01-22,Ensemble ważona średnia,6636.544130698154
21,2024-01-23,Ensemble ważona średnia,5515.013890732596
21,2024-01-24,Ensemble ważona średnia,9814.098039656552
21,2024-01-25,Ensemble ważona średnia,10166.221772271234
21,2024-01-26,Ensemble ważona średnia,9650.09488089796
21,2024-01-27,Ensemble ważona średnia,9627.481702960218
21,2024-01-28,Ensemble ważona średnia,9777.186470212253
21,2024-01-29,Ensemble ważona średnia,8689.94781389624
21,2024-01-30,Ensemble ważona średnia,8319.492734592635
22,2024-01-03,ARIMAX,6032.699232590549
22,2024-01-04,ARIMAX,5915.815884518365
22,2024-01-05,ARIMAX,7376.786589044856
22,2024-01-06,ARIMAX,6239.857299662244
22,2024-01-07,ARIMAX,5915.815884518365
22,2024-01-08,ARIMAX,6546.078649210163
22,2024-01-09,ARIMAX,5675.636723287929
22,2024-01-10,ARIMAX,5642.615629129187
22,2024-01-11,ARIMAX,6189.016139907543
22,2024-01-12,ARIMAX,6061.326045010934
22,2024-01-13,ARIMAX,6724.609903861474
22,2024-01-14,ARIMAX,5503.81836056542
22,2024-01-15,ARIMAX,6028.304950852192
22,2024-01-16,ARIMAX,5992.965246503008
22,2024-01-17,ARIMAX,5926.9230581855245
22,2024-01-18,ARIMAX,6501.950381384263
22,2024-01-19,ARIMAX,5525.732281057003
22,2024-01-20,ARIMAX,7332.658321218954
22,2024-01-21,ARIMAX,5959.944152344266
22,2024-01-22,ARIMAX,6713.5027301943155
22,2024-01-23,ARIMAX,5536.839454724161
22,2024-01-24,ARIMAX,6517.45183678978
22,2024-01-25,ARIMAX,10202.817058246732
22,2024-01-26,ARIMAX,9689.437641627117
22,2024-01-27,ARIMAX,9693.831923365475
22,2024-01-28,ARIMAX,9806.320989699303
22,2024-01-29,ARIMAX,8708.8252595615
22,2024-01-30,ARIMAX,8351.762750258878
22,2024-01-03,LightGBM,5995.646270568879
22,2024-01-04,LightGBM,6024.724006277903
22,2024-01-05,LightGBM,6935.2810708078605
22,2024-01-06,LightGBM,6043.9482374031
22,2024-01-07,LightGBM,6012.910880937574
22,2024-01-08,LightGBM,6320.5771521613815
22,2024-01-09,LightGBM,5861.858922212632
22,2024-01-10,LightGBM,5791.569508454638
22,2024-01-11,LightGBM,6224.7339439006755
22,2024-01-12,LightGBM,5998.370500663123
22,2024-01-13,LightGBM,6383.088837280392
22,2024-01-14,LightGBM,5624.167951100213
22,2024-01-15,LightGBM,5911.322207249303
22,2024-01-16,LightGBM,6083.02648645429
22,2024-01-17,LightGBM,5939.003847605964
22,2024-01-18,LightGBM,6322.814908759074
22,2024-01-19,LightGBM,5797.901661683008
22,2024-01-20,LightGBM,7049.614104694705
22,2024-01-21,LightGBM,6039.077915228816
22,2024-01-22,LightGBM,6462.99100288789
22,2024-01-23,LightGBM,5735.758980203415
22,2024-01-24,LightGBM,6323.935848264916
22,2024-01-25,LightGBM,10231.260383316443
22,2024-01-26,LightGBM,9670.469514933777
22,2024-01-27,LightGBM,9612.164261415037
22,2024-01-28,LightGBM,9838.40453598746
22,2024-01-29,LightGBM,8686.267239708299
22,2024-01-30,LightGBM,8264.89471578059
22,2024-01-03,Ridge,5947.844755225618
22,2024-01-04,Ridge,5826.180766264739
22,2024-01-05,Ridge,7273.996754270527
22,2024-01-06,Ridge,6179.167601480351
22,2024-01-07,Ridge,5827.090006454793
22,2024-01-08,Ridge,6460.987779334497
22,2024-01-09,Ridge,5580.432353694392
22,2024-01-10,Ridge,5563.905189871717
22,2024-01-11,Ridge,6092.847059093898
22,2024-01-12,Ridge,5996.786137377247
22,2024-01-13,Ridge,6647.769408944121
22,2024-01-14,Ridge,5448.146952375706
22,2024-01-15,Ridge,5981.5331197236
22,2024-01-16,Ridge,5886.368644327253
22,2024-01-17,Ridge,5853.257971389625
22,2024-01-18,Ridge,6428.336187633048
22,2024-01-19,Ridge,5447.479890225666
22,2024-01-20,Ridge,7244.034054240953
22,2024-01-21,Ridge,5873.657541510322
22,2024-01-22,Ridge,6633.645150555055
22,2024-01-23,Ridge,5472.658660048022
22,2024-01-24,Ridge,6426.652069915734
22,2024-01-25,Ridge,10142.140722119857
22,2024-01-26,Ridge,9631.828490765847
22,2024-01-27,Ridge,9604.318916888224
22,2024-01-28,Ridge,9756.56272182874
22,2024-01-29,Ridge,8683.253500053901
22,2024-01-30,Ridge,8315.480885307472
22,2024-01-03,Ensemble zwykła średnia,5992.063419461682
22,2024-01-04,Ensemble zwykła średnia,5922.240219020336
22,2024-01-05,Ensemble zwykła średnia,7195.354804707748
22,2024-01-06,Ensemble zwykła średnia,6154.324379515233
22,2024-01-07,Ensemble zwykła średnia,5918.605590636911
22,2024-01-08,Ensemble zwykła średnia,6442.547860235347
22,2024-01-09,Ensemble zwykła średnia,5705.9759997316505
22,2024-01-10,Ensemble zwykła średnia,5666.030109151848
22,2024-01-11,Ensemble zwykła średnia,6168.865714300705
22,2024-01-12,Ensemble zwykła średnia,6018.827561017101
22,2024-01-13,Ensemble zwykła średnia,6585.156050028662
22,2024-01-14,Ensemble zwykła średnia,5525.377754680446
22,2024-01-15,Ensemble zwykła średnia,5973.720092608365
22,2024-01-16,Ensemble zwykła średnia,5987.45345909485
22,2024-01-17,Ensemble zwykła średnia,5906.394959060371
22,2024-01-18,Ensemble zwykła średnia,6417.700492592128
22,2024-01-19,Ensemble zwykła średnia,5590.371277655225
22,2024-01-20,Ensemble zwykła średnia,7208.768826718205
22,2024-01-21,Ensemble zwykła średnia,5957.559869694468
22,2024-01-22,Ensemble zwykła średnia,6603.379627879087
22,2024-01-23,Ensemble zwykła średnia,5581.752364991866
22,2024-01-24,Ensemble zwykła średnia,6422.679918323476
22,2024-01-25,Ensemble zwykła średnia,10192.072721227678
22,2024-01-26,Ensemble zwykła średnia,9663.911882442248
22,2024-01-27,Ensemble zwykła średnia,9636.771700556244
22,2024-01-28,Ensemble zwykła średnia,9800.429415838502
22,2024-01-29,Ensemble zwykła średnia,8692.781999774566
22,2024-01-30,Ensemble zwykła średnia,8310.712783782314
22,2024-01-03,Ensemble ważona średnia,5973.838526101177
22,2024-01-04,Ensemble ważona średnia,5868.443869829462
22,2024-01-05,Ensemble ważona średnia,7265.822644617842
22,2024-01-06,Ensemble ważona średnia,6180.818089618099
22,2024-01-07,Ensemble ważona średnia,5867.853563418965
22,2024-01-08,Ensemble ważona średnia,6468.219434086102
22,2024-01-09,Ensemble ważona średnia,5632.3761029446005
22,2024-01-10,Ensemble ważona średnia,5606.349231544376
22,2024-01-11,Ensemble ważona średnia,6130.078017777987
22,2024-01-12,Ensemble ważona średnia,6013.079550614257
22,2024-01-13,Ensemble ważona średnia,6640.511475507086
22,2024-01-14,Ensemble ważona średnia,5479.6669042955855
22,2024-01-15,Ensemble ważona średnia,5986.204986258319
22,2024-01-16,Ensemble ważona średnia,5932.683579083895
22,2024-01-17,Ensemble ważona średnia,5880.248830710234
22,2024-01-18,Ensemble ważona średnia,6436.187608183455
22,2024-01-19,Ensemble ważona średnia,5502.085165079235
22,2024-01-20,Ensemble ważona średnia,7246.748126030829
22,2024-01-21,Ensemble ważona średnia,5911.771231590657
22,2024-01-22,Ensemble ważona średnia,6636.544130698154
22,2024-01-23,Ensemble ważona średnia,5515.013890732596
22,2024-01-24,Ensemble ważona średnia,6439.0803894691635
22,2024-01-25,Ensemble ważona średnia,10166.221772271234
22,2024-01-26,Ensemble ważona średnia,9650.09488089796
22,2024-01-27,Ensemble ważona średnia,9627.481702960218
22,2024-01-28,Ensemble ważona średnia,9777.186470212253
22,2024-01-29,Ensemble ważona średnia,8689.94781389624
22,2024-01-30,Ensemble ważona średnia,8319.492734592635
23,2024-01-03,ARIMAX,6032.699232590549
23,2024-01-04,ARIMAX,5915.815884518365
23,2024-01-05,ARIMAX,7376.786589044856
23,2024-01-06,ARIMAX,6239.857299662244
23,2024-01-07,ARIMAX,5915.815884518365
23,2024-01-08,ARIMAX,6546.078649210163
23,2024-01-09,ARIMAX,5675.636723287929
23,2024-01-10,ARIMAX,5642.615629129187
23,2024-01-11,ARIMAX,6189.016139907543
23,2024-01-12,ARIMAX,6061.326045010934
23,2024-01-13,ARIMAX,6724.609903861474
23,2024-01-14,ARIMAX,5503.81836056542
23,2024-01-15,ARIMAX,6028.304950852192
23,2024-01-16,ARIMAX,5992.965246503008
23,2024-01-17,ARIMAX,5926.9230581855245
23,2024-01-18,ARIMAX,6501.950381384263
23,2024-01-19,ARIMAX,5525.732281057003
23,2024-01-20,ARIMAX,7332.658321218954
23,2024-01-21,ARIMAX,5959.944152344266
23,2024-01-22,ARIMAX,6713.5027301943155
23,2024-01-23,ARIMAX,5536.839454724161
23,2024-01-24,ARIMAX,6517.45183678978
23,2024-01-25,ARIMAX,6847.905717019725
23,2024-01-26,ARIMAX,9689.437641627117
23,2024-01-27,ARIMAX,9693.831923365475
23,2024-01-28,ARIMAX,9806.320989699303
23,2024-01-29,ARIMAX,8708.8252595615
23,2024-01-30,ARIMAX,8351.762750258878
23,2024-01-03,LightGBM,5995.646270568879
23,2024-01-04,LightGBM,6024.724006277903
23,2024-01-05,LightGBM,6935.2810708078605
23,2024-01-06,LightGBM,6043.9482374031
23,2024-01-07,LightGBM,6012.910880937574
23,2024-01-08,LightGBM,6320.5771521613815
23,2024-01-09,LightGBM,5861.858922212632
23,2024-01-10,LightGBM,5791.569508454638
23,2024-01-11,LightGBM,6224.7339439006755
23,2024-01-12,LightGBM,5998.370500663123
23,2024-01-13,LightGBM,6383.088837280392
23,2024-01-14,LightGBM,5624.167951100213
23,2024-01-15,LightGBM,5911.322207249303
23,2024-01-16,LightGBM,6083.02648645429
23,2024-01-17,LightGBM,5939.003847605964
23,2024-01-18,LightGBM,6322.814908759074
23,2024-01-19,LightGBM,5797.901661683008
23,2024-01-20,LightGBM,7049.614104694705
23,2024-01-21,LightGBM,6039.077915228816
23,2024-01-22,LightGBM,6462.99100288789
23,2024-01-23,LightGBM,5735.758980203415
23,2024-01-24,LightGBM,6323.935848264916
23,2024-01-25,LightGBM,6543.753484967803
23,2024-01-26,LightGBM,9670.469514933777
23,2024-01-27,LightGBM,9612.164261415037
23,2024-01-28,LightGBM,9838.40453598746
23,2024-01-29,LightGBM,8686.267239708299
23,2024-01-30,LightGBM,8264.89471578059
23,2024-01-03,Ridge,5947.844755225618
23,2024-01-04,Ridge,5826.180766264739
23,2024-01-05,Ridge,7273.996754270527
23,2024-01-06,Ridge,6179.167601480351
23,2024-01-07,Ridge,5827.090006454793
23,2024-01-08,Ridge,6460.987779334497
23,2024-01-09,Ridge,5580.432353694392
23,2024-01-10,Ridge,5563.905189871717
23,2024-01-11,Ridge,6092.847059093898
23,2024-01-12,Ridge,5996.786137377247
23,2024-01-13,Ridge,6647.769408944121
23,2024-01-14,Ridge,5448.146952375706
23,2024-01-15,Ridge,5981.5331197236
23,2024-01-16,Ridge,5886.368644327253
23,2024-01-17,Ridge,5853.257971389625
23,2024-01-18,Ridge,6428.336187633048
23,2024-01-19,Ridge,5447.479890225666
23,2024-01-20,Ridge,7244.034054240953
23,2024-01-21,Ridge,5873.657541510322
23,2024-01-22,Ridge,6633.645150555055
23,2024-01-23,Ridge,5472.658660048022
23,2024-01-24,Ridge,6426.652069915734
23,2024-01-25,Ridge,6783.704865806461
23,2024-01-26,Ridge,9631.828490765847
23,2024-01-27,Ridge,9604.318916888224
23,2024-01-28,Ridge,9756.56272182874
23,2024-01-29,Ridge,8683.253500053901
23,2024-01-30,Ridge,8315.480885307472
23,2024-01-03,Ensemble zwykła średnia,5992.063419461682
23,2024-01-04,Ensemble zwykła średnia,5922.240219020336
23,2024-01-05,Ensemble zwykła średnia,7195.354804707748
23,2024-01-06,Ensemble zwykła średnia,6154.324379515233
23,2024-01-07,Ensemble zwykła średnia,5918.605590636911
23,2024-01-08,Ensemble zwykła średnia,6442.547860235347
23,2024-01-09,Ensemble zwykła średnia,5705.9759997316505
23,2024-01-10,Ensemble zwykła średnia,5666.030109151848
23,2024-01-11,Ensemble zwykła średnia,6168.865714300705
23,2024-01-12,Ensemble zwykła średnia,6018.827561017101
23,2024-01-13,Ensemble zwykła średnia,6585.156050028662
23,2024-01-14,Ensemble zwykła średnia,5525.377754680446
23,2024-01-15,Ensemble zwykła średnia,5973.720092608365
23,2024-01-16,Ensemble zwykła średnia,5987.45345909485
23,2024-01-17,Ensemble zwykła średnia,5906.394959060371
23,2024-01-18,Ensemble zwykła średnia,6417.700492592128
23,2024-01-19,Ensemble zwykła średnia,5590.371277655225
23,2024-01-20,Ensemble zwykła średnia,7208.768826718205
23,2024-01-21,Ensemble zwykła średnia,5957.559869694468
23,2024-01-22,Ensemble zwykła średnia,6603.379627879087
23,2024-01-23,Ensemble zwykła średnia,5581.752364991866
23,2024-01-24,Ensemble zwykła średnia,6422.679918323476
23,2024-01-25,Ensemble zwykła średnia,6725.12135593133
23,2024-01-26,Ensemble zwykła średnia,9663.911882442248
23,2024-01-27,Ensemble zwykła średnia,9636.771700556244
23,2024-01-28,Ensemble zwykła średnia,9800.429415838502
23,2024-01-29,Ensemble zwykła średnia,8692.781999774566
23,2024-01-30,Ensemble zwykła średnia,8310.712783782314
23,2024-01-03,Ensemble ważona średnia,5973.838526101177
23,2024-01-04,Ensemble ważona średnia,5868.443869829462
23,2024-01-05,Ensemble ważona średnia,7265.822644617842
23,2024-01-06,Ensemble ważona średnia,6180.818089618099
23,2024-01-07,Ensemble ważona średnia,5867.853563418965
23,2024-01-08,Ensemble ważona średnia,6468.219434086102
23,2024-01-09,Ensemble ważona średnia,5632.3761029446005
23,2024-01-10,Ensemble ważona średnia,5606.349231544376
23,2024-01-11,Ensemble ważona średnia,6130.078017777987
23,2024-01-12,Ensemble ważona średnia,6013.079550614257
23,2024-01-13,Ensemble ważona średnia,6640.511475507086
23,2024-01-14,Ensemble ważona średnia,5479.6669042955855
23,2024-01-15,Ensemble ważona średnia,5986.204986258319
23,2024-01-16,Ensemble ważona średnia,5932.683579083895
23,2024-01-17,Ensemble ważona średnia,5880.248830710234
23,2024-01-18,Ensemble ważona średnia,6436.187608183455
23,2024-01-19,Ensemble ważona średnia,5502.085165079235
23,2024-01-20,Ensemble ważona średnia,7246.748126030829
23,2024-01-21,Ensemble ważona średnia,5911.771231590657
23,2024-01-22,Ensemble ważona średnia,6636.544130698154
23,2024-01-23,Ensemble ważona średnia,5515.013890732596
23,2024-01-24,Ensemble ważona średnia,6439.0803894691635
23,2024-01-25,Ensemble ważona średnia,6775.759940525912
23,2024-01-26,Ensemble ważona średnia,9650.09488089796
23,2024-01-27,Ensemble ważona średnia,9627.481702960218
23,2024-01-28,Ensemble ważona średnia,9777.186470212253
23,2024-01-29,Ensemble ważona średnia,8689.94781389624
23,2024-01-30,Ensemble ważona średnia,8319.492734592635
24,2024-01-03,ARIMAX,6032.699232590549
24,2024-01-04,ARIMAX,5915.815884518365
24,2024-01-05,ARIMAX,7376.786589044856
24,2024-01-06,ARIMAX,6239.857299662244
24,2024-01-07,ARIMAX,5915.815884518365
24,2024-01-08,ARIMAX,6546.078649210163
24,2024-01-09,ARIMAX,5675.636723287929
24,2024-01-10,ARIMAX,5642.615629129187
24,2024-01-11,ARIMAX,6189.016139907543
24,2024-01-12,ARIMAX,6061.326045010934
24,2024-01-13,ARIMAX,6724.609903861474
24,2024-01-14,ARIMAX,5503.81836056542
24,2024-01-15,ARIMAX,6028.304950852192
24,2024-01-16,ARIMAX,5992.965246503008
24,2024-01-17,ARIMAX,5926.9230581855245
24,2024-01-18,ARIMAX,6501.950381384263
24,2024-01-19,ARIMAX,5525.732281057003
24,2024-01-20,ARIMAX,7332.658321218954
24,2024-01-21,ARIMAX,5959.944152344266
24,2024-01-22,ARIMAX,6713.5027301943155
24,2024-01-23,ARIMAX,5536.839454724161
24,2024-01-24,ARIMAX,6517.45183678978
24,2024-01-25,ARIMAX,6847.905717019725
24,2024-01-26,ARIMAX,6334.526300400112
24,2024-01-27,ARIMAX,9693.831923365475
24,2024-01-28,ARIMAX,9806.320989699303
24,2024-01-29,ARIMAX,8708.8252595615
24,2024-01-30,ARIMAX,8351.762750258878
24,2024-01-03,LightGBM,5995.646270568879
24,2024-01-04,LightGBM,6024.724006277903
24,2024-01-05,LightGBM,6935.2810708078605
24,2024-01-06,LightGBM,6043.9482374031
24,2024-01-07,LightGBM,6012.910880937574
24,2024-01-08,LightGBM,6320.5771521613815
24,2024-01-09,LightGBM,5861.858922212632
24,2024-01-10,LightGBM,5791.569508454638
24,2024-01-11,LightGBM,6224.7339439006755
24,2024-01-12,LightGBM,5998.370500663123
24,2024-01-13,LightGBM,6383.088837280392
24,2024-01-14,LightGBM,5624.167951100213
24,2024-01-15,LightGBM,5911.322207249303
24,2024-01-16,LightGBM,6083.02648645429
24,2024-01-17,LightGBM,5939.003847605964
24,2024-01-18,LightGBM,6322.814908759074
24,2024-01-19,LightGBM,5797.901661683008
24,2024-01-20,LightGBM,7049.614104694705
24,2024-01-21,LightGBM,6039.077915228816
24,2024-01-22,LightGBM,6462.99100288789
24,2024-01-23,LightGBM,5735.758980203415
24,2024-01-24,LightGBM,6323.935848264916
24,2024-01-25,LightGBM,6543.753484967803
24,2024-01-26,LightGBM,6202.8746468939435
24,2024-01-27,LightGBM,9612.164261415037
24,2024-01-28,LightGBM,9838.40453598746
24,2024-01-29,LightGBM,8686.267239708299
24,2024-01-30,LightGBM,8264.89471578059
24,2024-01-03,Ridge,5947.844755225618
24,2024-01-04,Ridge,5826.180766264739
24,2024-01-05,Ridge,7273.996754270527
24,2024-01-06,Ridge,6179.167601480351
24,2024-01-07,Ridge,5827.090006454793
24,2024-01-08,Ridge,6460.987779334497
24,2024-01-09,Ridge,5580.432353694392
24,2024-01-10,Ridge,5563.905189871717
24,2024-01-11,Ridge,6092.847059093898
24,2024-01-12,Ridge,5996.786137377247
24,2024-01-13,Ridge,6647.769408944121
24,2024-01-14,Ridge,5448.146952375706
24,2024-01-15,Ridge,5981.5331197236
24,2024-01-16,Ridge,5886.368644327253
24,2024-01-17,Ridge,5853.257971389625
24,2024-01-18,Ridge,6428.336187633048
24,2024-01-19,Ridge,5447.479890225666
24,2024-01-20,Ridge,7244.034054240953
24,2024-01-21,Ridge,5873.657541510322
24,2024-01-22,Ridge,6633.645150555055
24,2024-01-23,Ridge,5472.658660048022
24,2024-01-24,Ridge,6426.652069915734
24,2024-01-25,Ridge,6783.704865806461
24,2024-01-26,Ridge,6273.392634452452
24,2024-01-27,Ridge,9604.318916888224
24,2024-01-28,Ridge,9756.56272182874
24,2024-01-29,Ridge,8683.253500053901
24,2024-01-30,Ridge,8315.480885307472
24,2024-01-03,Ensemble zwykła średnia,5992.063419461682
24,2024-01-04,Ensemble zwykła średnia,5922.240219020336
24,2024-01-05,Ensemble zwykła średnia,7195.354804707748
24,2024-01-06,Ensemble zwykła średnia,6154.324379515233
24,2024-01-07,Ensemble zwykła średnia,5918.605590636911
24,2024-01-08,Ensemble zwykła średnia,6442.547860235347
24,2024-01-09,Ensemble zwykła średnia,5705.9759997316505
24,2024-01-10,Ensemble zwykła średnia,5666.030109151848
24,2024-01-11,Ensemble zwykła średnia,6168.865714300705
24,2024-01-12,Ensemble zwykła średnia,6018.827561017101
24,2024-01-13,Ensemble zwykła średnia,6585.156050028662
24,2024-01-14,Ensemble zwykła średnia,5525.377754680446
24,2024-01-15,Ensemble zwykła średnia,5973.720092608365
24,2024-01-16,Ensemble zwykła średnia,5987.45345909485
24,2024-01-17,Ensemble zwykła średnia,5906.394959060371
24,2024-01-18,Ensemble zwykła średnia,6417.700492592128
24,2024-01-19,Ensemble zwykła średnia,5590.371277655225
24,2024-01-20,Ensemble zwykła średnia,7208.768826718205
24,2024-01-21,Ensemble zwykła średnia,5957.559869694468
24,2024-01-22,Ensemble zwykła średnia,6603.379627879087
24,2024-01-23,Ensemble zwykła średnia,5581.752364991866
24,2024-01-24,Ensemble zwykła średnia,6422.679918323476
24,2024-01-25,Ensemble zwykła średnia,6725.12135593133
24,2024-01-26,Ensemble zwykła średnia,6270.264527248836
24,2024-01-27,Ensemble zwykła średnia,9636.771700556244
24,2024-01-28,Ensemble zwykła średnia,9800.429415838502
24,2024-01-29,Ensemble zwykła średnia,8692.781999774566
24,2024-01-30,Ensemble zwykła średnia,8310.712783782314
24,2024-01-03,Ensemble ważona średnia,5973.838526101177
24,2024-01-04,Ensemble ważona średnia,5868.443869829462
24,2024-01-05,Ensemble ważona średnia,7265.822644617842
24,2024-01-06,Ensemble ważona średnia,6180.818089618099
24,2024-01-07,Ensemble ważona średnia,5867.853563418965
24,2024-01-08,Ensemble ważona średnia,6468.219434086102
24,2024-01-09,Ensemble ważona średnia,5632.3761029446005
24,2024-01-10,Ensemble ważona średnia,5606.349231544376
24,2024-01-11,Ensemble ważona średnia,6130.078017777987
24,2024-01-12,Ensemble ważona średnia,6013.079550614257
24,2024-01-13,Ensemble ważona średnia,6640.511475507086
24,2024-01-14,Ensemble ważona średnia,5479.6669042955855
24,2024-01-15,Ensemble ważona średnia,5986.204986258319
24,2024-01-16,Ensemble ważona średnia,5932.683579083895
24,2024-01-17,Ensemble ważona średnia,5880.248830710234
24,2024-01-18,Ensemble ważona średnia,6436.187608183455
24,2024-01-19,Ensemble ważona średnia,5502.085165079235
24,2024-01-20,Ensemble ważona średnia,7246.748126030829
24,2024-01-21,Ensemble ważona średnia,5911.771231590657
24,2024-01-22,Ensemble ważona średnia,6636.544130698154
24,2024-01-23,Ensemble ważona średnia,5515.013890732596
24,2024-01-24,Ensemble ważona średnia,6439.0803894691635
24,2024-01-25,Ensemble ważona średnia,6775.759940525912
24,2024-01-26,Ensemble ważona średnia,6281.624252183516
24,2024-01-27,Ensemble ważona średnia,9627.481702960218
24,2024-01-28,Ensemble ważona średnia,9777.186470212253
24,2024-01-29,Ensemble ważona średnia,8689.94781389624
24,2024-01-30,Ensemble ważona średnia,8319.492734592635
25,2024-01-03,ARIMAX,6032.699232590549
25,2024-01-04,ARIMAX,5915.815884518365
25,2024-01-05,ARIMAX,7376.786589044856
25,2024-01-06,ARIMAX,6239.857299662244
25,2024-01-07,ARIMAX,5915.815884518365
25,2024-01-08,ARIMAX,6546.078649210163
25,2024-01-09,ARIMAX,5675.636723287929
25,2024-01-10,ARIMAX,5642.615629129187
25,2024-01-11,ARIMAX,6189.016139907543
25,2024-01-12,ARIMAX,6061.326045010934
25,2024-01-13,ARIMAX,6724.609903861474
25,2024-01-14,ARIMAX,5503.81836056542
25,2024-01-15,ARIMAX,6028.304950852192
25,2024-01-16,ARIMAX,5992.965246503008
25,2024-01-17,ARIMAX,5926.9230581855245
25,2024-01-18,ARIMAX,6501.950381384263
25,2024-01-19,ARIMAX,5525.732281057003
25,2024-01-20,ARIMAX,7332.658321218954
25,2024-01-21,ARIMAX,5959.944152344266
25,2024-01-22,ARIMAX,6713.5027301943155
25,2024-01-23,ARIMAX,5536.839454724161
25,2024-01-24,ARIMAX,6517.45183678978
25,2024-01-25,ARIMAX,6847.905717019725
25,2024-01-26,ARIMAX,6334.526300400112
25,2024-01-27,ARIMAX,6338.920582138469
25,2024-01-28,ARIMAX,9806.320989699303
25,2024-01-29,ARIMAX,8708.8252595615
25,2024-01-30,ARIMAX,8351.762750258878
25,2024-01-03,LightGBM,5995.646270568879
25,2024-01-04,LightGBM,6024.724006277903
25,2024-01-05,LightGBM,6935.2810708078605
25,2024-01-06,LightGBM,6043.9482374031
25,2024-01-07,LightGBM,6012.910880937574
25,2024-01-08,LightGBM,6320.5771521613815
25,2024-01-09,LightGBM,5861.858922212632
25,2024-01-10,LightGBM,5791.569508454638
25,2024-01-11,LightGBM,6224.7339439006755
25,2024-01-12,LightGBM,5998.370500663123
25,2024-01-13,LightGBM,6383.088837280392
25,2024-01-14,LightGBM,5624.167951100213
25,2024-01-15,LightGBM,5911.322207249303
25,2024-01-16,LightGBM,6083.02648645429
25,2024-01-17,LightGBM,5939.003847605964
25,2024-01-18,LightGBM,6322.814908759074
25,2024-01-19,LightGBM,5797.901661683008
25,2024-01-20,LightGBM,7049.614104694705
25,2024-01-21,LightGBM,6039.077915228816
25,2024-01-22,LightGBM,6462.99100288789
25,2024-01-23,LightGBM,5735.758980203415
25,2024-01-24,LightGBM,6323.935848264916
25,2024-01-25,LightGBM,6543.753484967803
25,2024-01-26,LightGBM,6202.8746468939435
25,2024-01-27,LightGBM,6257.044516966054
25,2024-01-28,LightGBM,9838.40453598746
25,2024-01-29,LightGBM,8686.267239708299
25,2024-01-30,LightGBM,8264.89471578059
25,2024-01-03,Ridge,5947.844755225618
25,2024-01-04,Ridge,5826.180766264739
25,2024-01-05,Ridge,7273.996754270527
25,2024-01-06,Ridge,6179.167601480351
25,2024-01-07,Ridge,5827.090006454793
25,2024-01-08,Ridge,6460.987779334497
25,2024-01-09,Ridge,5580.432353694392
25,2024-01-10,Ridge,5563.905189871717
25,2024-01-11,Ridge,6092.847059093898
25,2024-01-12,Ridge,5996.786137377247
25,2024-01-13,Ridge,6647.769408944121
25,2024-01-14,Ridge,5448.146952375706
25,2024-01-15,Ridge,5981.5331197236
25,2024-01-16,Ridge,5886.368644327253
25,2024-01-17,Ridge,5853.257971389625
25,2024-01-18,Ridge,6428.336187633048
25,2024-01-19,Ridge,5447.479890225666
25,2024-01-20,Ridge,7244.034054240953
25,2024-01-21,Ridge,5873.657541510322
25,2024-01-22,Ridge,6633.645150555055
25,2024-01-23,Ridge,5472.658660048022
25,2024-01-24,Ridge,6426.652069915734
25,2024-01-25,Ridge,6783.704865806461
25,2024-01-26,Ridge,6273.392634452452
25,2024-01-27,Ridge,6245.883060574829
25,2024-01-28,Ridge,9756.56272182874
25,2024-01-29,Ridge,8683.253500053901
25,2024-01-30,Ridge,8315.480885307472
25,2024-01-03,Ensemble zwykła średnia,5992.063419461682
25,2024-01-04,Ensemble zwykła średnia,5922.240219020336
25,2024-01-05,Ensemble zwykła średnia,7195.354804707748
25,2024-01-06,Ensemble zwykła średnia,6154.324379515233
25,2024-01-07,Ensemble zwykła średnia,5918.605590636911
25,2024-01-08,Ensemble zwykła średnia,6442.547860235347
25,2024-01-09,Ensemble zwykła średnia,5705.9759997316505
25,2024-01-10,Ensemble zwykła średnia,5666.030109151848
25,2024-01-11,Ensemble zwykła średnia,6168.865714300705
25,2024-01-12,Ensemble zwykła średnia,6018.827561017101
25,2024-01-13,Ensemble zwykła średnia,6585.156050028662
25,2024-01-14,Ensemble zwykła średnia,5525.377754680446
25,2024-01-15,Ensemble zwykła średnia,5973.720092608365
25,2024-01-16,Ensemble zwykła średnia,5987.45345909485
25,2024-01-17,Ensemble zwykła średnia,5906.394959060371
25,2024-01-18,Ensemble zwykła średnia,6417.700492592128
25,2024-01-19,Ensemble zwykła średnia,5590.371277655225
25,2024-01-20,Ensemble zwykła średnia,7208.768826718205
25,2024-01-21,Ensemble zwykła średnia,5957.559869694468
25,2024-01-22,Ensemble zwykła średnia,6603.379627879087
25,2024-01-23,Ensemble zwykła średnia,5581.752364991866
25,2024-01-24,Ensemble zwykła średnia,6422.679918323476
25,2024-01-25,Ensemble zwykła średnia,6725.12135593133
25,2024-01-26,Ensemble zwykła średnia,6270.264527248836
25,2024-01-27,Ensemble zwykła średnia,6280.616053226451
25,2024-01-28,Ensemble zwykła średnia,9800.429415838502
25,2024-01-29,Ensemble zwykła średnia,8692.781999774566
25,2024-01-30,Ensemble zwykła średnia,8310.712783782314
25,2024-01-03,Ensemble ważona średnia,5973.838526101177
25,2024-01-04,Ensemble ważona średnia,5868.443869829462
25,2024-01-05,Ensemble ważona średnia,7265.822644617842
25,2024-01-06,Ensemble ważona średnia,6180.818089618099
25,2024-01-07,Ensemble ważona średnia,5867.853563418965
25,2024-01-08,Ensemble ważona średnia,6468.219434086102
25,2024-01-09,Ensemble ważona średnia,5632.3761029446005
25,2024-01-10,Ensemble ważona średnia,5606.349231544376
25,2024-01-11,Ensemble ważona średnia,6130.078017777987
25,2024-01-12,Ensemble ważona średnia,6013.079550614257
25,2024-01-13,Ensemble ważona średnia,6640.511475507086
25,2024-01-14,Ensemble ważona średnia,5479.6669042955855
25,2024-01-15,Ensemble ważona średnia,5986.204986258319
25,2024-01-16,Ensemble ważona średnia,5932.683579083895
25,2024-01-17,Ensemble ważona średnia,5880.248830710234
25,2024-01-18,Ensemble ważona średnia,6436.187608183455
25,2024-01-19,Ensemble ważona średnia,5502.085165079235
25,2024-01-20,Ensemble ważona średnia,7246.748126030829
25,2024-01-21,Ensemble ważona średnia,5911.771231590657
25,2024-01-22,Ensemble ważona średnia,6636.544130698154
25,2024-01-23,Ensemble ważona średnia,5515.013890732596
25,2024-01-24,Ensemble ważona średnia,6439.0803894691635
25,2024-01-25,Ensemble ważona średnia,6775.759940525912
25,2024-01-26,Ensemble ważona średnia,6281.624252183516
25,2024-01-27,Ensemble ważona średnia,6270.258586604862
25,2024-01-28,Ensemble ważona średnia,9777.186470212253
25,2024-01-29,Ensemble ważona średnia,8689.94781389624
25,2024-01-30,Ensemble ważona średnia,8319.492734592635
26,2024-01-03,ARIMAX,6032.699232590549
26,2024-01-04,ARIMAX,5915.815884518365
26,2024-01-05,ARIMAX,7376.786589044856
26,2024-01-06,ARIMAX,6239.857299662244
26,2024-01-07,ARIMAX,5915.815884518365
26,2024-01-08,ARIMAX,6546.078649210163
26,2024-01-09,ARIMAX,5675.636723287929
26,2024-01-10,ARIMAX,5642.615629129187
26,2024-01-11,ARIMAX,6189.016139907543
26,2024-01-12,ARIMAX,6061.326045010934
26,2024-01-13,ARIMAX,6724.609903861474
26,2024-01-14,ARIMAX,5503.81836056542
26,2024-01-15,ARIMAX,6028.304950852192
26,2024-01-16,ARIMAX,5992.965246503008
26,2024-01-17,ARIMAX,5926.9230581855245
26,2024-01-18,ARIMAX,6501.950381384263
26,2024-01-19,ARIMAX,5525.732281057003
26,2024-01-20,ARIMAX,7332.658321218954
26,2024-01-21,ARIMAX,5959.944152344266
26,2024-01-22,ARIMAX,6713.5027301943155
26,2024-01-23,ARIMAX,5536.839454724161
26,2024-01-24,ARIMAX,6517.45183678978
26,2024-01-25,ARIMAX,6847.905717019725
26,2024-01-26,ARIMAX,6334.526300400112
26,2024-01-27,ARIMAX,6338.920582138469
26,2024-01-28,ARIMAX,6451.409648472296
26,2024-01-29,ARIMAX,8708.8252595615
26,2024-01-30,ARIMAX,8351.762750258878
26,2024-01-03,LightGBM,5995.646270568879
26,2024-01-04,LightGBM,6024.724006277903
26,2024-01-05,LightGBM,6935.2810708078605
26,2024-01-06,LightGBM,6043.9482374031
26,2024-01-07,LightGBM,6012.910880937574
26,2024-01-08,LightGBM,6320.5771521613815
26,2024-01-09,LightGBM,5861.858922212632
26,2024-01-10,LightGBM,5791.569508454638
26,2024-01-11,LightGBM,6224.7339439006755
26,2024-01-12,LightGBM,5998.370500663123
26,2024-01-13,LightGBM,6383.088837280392
26,2024-01-14,LightGBM,5624.167951100213
26,2024-01-15,LightGBM,5911.322207249303
26,2024-01-16,LightGBM,6083.02648645429
26,2024-01-17,LightGBM,5939.003847605964
26,2024-01-18,LightGBM,6322.814908759074
26,2024-01-19,LightGBM,5797.901661683008
26,2024-01-20,LightGBM,7049.614104694705
26,2024-01-21,LightGBM,6039.077915228816
26,2024-01-22,LightGBM,6462.99100288789
26,2024-01-23,LightGBM,5735.758980203415
26,2024-01-24,LightGBM,6323.935848264916
26,2024-01-25,LightGBM,6543.753484967803
26,2024-01-26,LightGBM,6202.8746468939435
26,2024-01-27,LightGBM,6257.044516966054
26,2024-01-28,LightGBM,6149.811735943956
26,2024-01-29,LightGBM,8686.267239708299
26,2024-01-30,LightGBM,8264.89471578059
26,2024-01-03,Ridge,5947.844755225618
26,2024-01-04,Ridge,5826.180766264739
26,2024-01-05,Ridge,7273.996754270527
26,2024-01-06,Ridge,6179.167601480351
26,2024-01-07,Ridge,5827.090006454793
26,2024-01-08,Ridge,6460.987779334497
26,2024-01-09,Ridge,5580.432353694392
26,2024-01-10,Ridge,5563.905189871717
26,2024-01-11,Ridge,6092.847059093898
26,2024-01-12,Ridge,5996.786137377247
26,2024-01-13,Ridge,6647.769408944121
26,2024-01-14,Ridge,5448.146952375706
26,2024-01-15,Ridge,5981.5331197236
26,2024-01-16,Ridge,5886.368644327253
26,2024-01-17,Ridge,5853.257971389625
26,2024-01-18,Ridge,6428.336187633048
26,2024-01-19,Ridge,5447.479890225666
26,2024-01-20,Ridge,7244.034054240953
26,2024-01-21,Ridge,5873.657541510322
26,2024-01-22,Ridge,6633.645150555055
26,2024-01-23,Ridge,5472.658660048022
26,2024-01-24,Ridge,6426.652069915734
26,2024-01-25,Ridge,6783.704865806461
26,2024-01-26,Ridge,6273.392634452452
26,2024-01-27,Ridge,6245.883060574829
26,2024-01-28,Ridge,6398.126865515345
26,2024-01-29,Ridge,8683.253500053901
26,2024-01-30,Ridge,8315.480885307472
26,2024-01-03,Ensemble zwykła średnia,5992.063419461682
26,2024-01-04,Ensemble zwykła średnia,5922.240219020336
26,2024-01-05,Ensemble zwykła średnia,7195.354804707748
26,2024-01-06,Ensemble zwykła średnia,6154.324379515233
26,2024-01-07,Ensemble zwykła średnia,5918.605590636911
26,2024-01-08,Ensemble zwykła średnia,6442.547860235347
26,2024-01-09,Ensemble zwykła średnia,5705.9759997316505
26,2024-01-10,Ensemble zwykła średnia,5666.030109151848
26,2024-01-11,Ensemble zwykła średnia,6168.865714300705
26,2024-01-12,Ensemble zwykła średnia,6018.827561017101
26,2024-01-13,Ensemble zwykła średnia,6585.156050028662
26,2024-01-14,Ensemble zwykła średnia,5525.377754680446
26,2024-01-15,Ensemble zwykła średnia,5973.720092608365
26,2024-01-16,Ensemble zwykła średnia,5987.45345909485
26,2024-01-17,Ensemble zwykła średnia,5906.394959060371
26,2024-01-18,Ensemble zwykła średnia,6417.700492592128
26,2024-01-19,Ensemble zwykła średnia,5590.371277655225
26,2024-01-20,Ensemble zwykła średnia,7208.768826718205
26,2024-01-21,Ensemble zwykła średnia,5957.559869694468
26,2024-01-22,Ensemble zwykła średnia,6603.379627879087
26,2024-01-23,Ensemble zwykła średnia,5581.752364991866
26,2024-01-24,Ensemble zwykła średnia,6422.679918323476
26,2024-01-25,Ensemble zwykła średnia,6725.12135593133
26,2024-01-26,Ensemble zwykła średnia,6270.264527248836
26,2024-01-27,Ensemble zwykła średnia,6280.616053226451
26,2024-01-28,Ensemble zwykła średnia,6333.116083310531
26,2024-01-29,Ensemble zwykła średnia,8692.781999774566
26,2024-01-30,Ensemble zwykła średnia,8310.712783782314
26,2024-01-03,Ensemble ważona średnia,5973.838526101177
26,2024-01-04,Ensemble ważona średnia,5868.443869829462
26,2024-01-05,Ensemble ważona średnia,7265.822644617842
26,2024-01-06,Ensemble ważona średnia,6180.818089618099
26,2024-01-07,Ensemble ważona średnia,5867.853563418965
26,2024-01-08,Ensemble ważona średnia,6468.219434086102
26,2024-01-09,Ensemble ważona średnia,5632.3761029446005
26,2024-01-10,Ensemble ważona średnia,5606.349231544376
26,2024-01-11,Ensemble ważona średnia,6130.078017777987
26,2024-01-12,Ensemble ważona średnia,6013.079550614257
26,2024-01-13,Ensemble ważona średnia,6640.511475507086
26,2024-01-14,Ensemble ważona średnia,5479.6669042955855
26,2024-01-15,Ensemble ważona średnia,5986.204986258319
26,2024-01-16,Ensemble ważona średnia,5932.683579083895
26,2024-01-17,Ensemble ważona średnia,5880.248830710234
26,2024-01-18,Ensemble ważona średnia,6436.187608183455
26,2024-01-19,Ensemble ważona średnia,5502.085165079235
26,2024-01-20,Ensemble ważona średnia,7246.748126030829
26,2024-01-21,Ensemble ważona średnia,5911.771231590657
26,2024-01-22,Ensemble ważona średnia,6636.544130698154
26,2024-01-23,Ensemble ważona średnia,5515.013890732596
26,2024-01-24,Ensemble ważona średnia,6439.0803894691635
26,2024-01-25,Ensemble ważona średnia,6775.759940525912
26,2024-01-26,Ensemble ważona średnia,6281.624252183516
26,2024-01-27,Ensemble ważona średnia,6270.258586604862
26,2024-01-28,Ensemble ważona średnia,6386.616048297444
26,2024-01-29,Ensemble ważona średnia,8689.94781389624
26,2024-01-30,Ensemble ważona średnia,8319.492734592635
27,2024-01-03,ARIMAX,6032.699232590549
27,2024-01-04,ARIMAX,5915.815884518365
27,2024-01-05,ARIMAX,7376.786589044856
27,2024-01-06,ARIMAX,6239.857299662244
27,2024-01-07,ARIMAX,5915.815884518365
27,2024-01-08,ARIMAX,6546.078649210163
27,2024-01-09,ARIMAX,5675.636723287929
27,2024-01-10,ARIMAX,5642.615629129187
27,2024-01-11,ARIMAX,6189.016139907543
27,2024-01-12,ARIMAX,6061.326045010934
27,2024-01-13,ARIMAX,6724.609903861474
27,2024-01-14,ARIMAX,5503.81836056542
27,2024-01-15,ARIMAX,6028.304950852192
27,2024-01-16,ARIMAX,5992.965246503008
27,2024-01-17,ARIMAX,5926.9230581855245
27,2024-01-18,ARIMAX,6501.950381384263
27,2024-01-19,ARIMAX,5525.732281057003
27,2024-01-20,ARIMAX,7332.658321218954
27,2024-01-21,ARIMAX,5959.944152344266
27,2024-01-22,ARIMAX,6713.5027301943155
27,2024-01-23,ARIMAX,5536.839454724161
27,2024-01-24,ARIMAX,6517.45183678978
27,2024-01-25,ARIMAX,6847.905717019725
27,2024-01-26,ARIMAX,6334.526300400112
27,2024-01-27,ARIMAX,6338.920582138469
27,2024-01-28,ARIMAX,6451.409648472296
27,2024-01-29,ARIMAX,5353.913918334494
27,2024-01-30,ARIMAX,8351.762750258878
27,2024-01-03,LightGBM,5995.646270568879
27,2024-01-04,LightGBM,6024.724006277903
27,2024-01-05,LightGBM,6935.2810708078605
27,2024-01-06,LightGBM,6043.9482374031
27,2024-01-07,LightGBM,6012.910880937574
27,2024-01-08,LightGBM,6320.5771521613815
27,2024-01-09,LightGBM,5861.858922212632
27,2024-01-10,LightGBM,5791.569508454638
27,2024-01-11,LightGBM,6224.7339439006755
27,2024-01-12,LightGBM,5998.370500663123
27,2024-01-13,LightGBM,6383.088837280392
27,2024-01-14,LightGBM,5624.167951100213
27,2024-01-15,LightGBM,5911.322207249303
27,2024-01-16,LightGBM,6083.02648645429
27,2024-01-17,LightGBM,5939.003847605964
27,2024-01-18,LightGBM,6322.814908759074
27,2024-01-19,LightGBM,5797.901661683008
27,2024-01-20,LightGBM,7049.614104694705
27,2024-01-21,LightGBM,6039.077915228816
27,2024-01-22,LightGBM,6462.99100288789
27,2024-01-23,LightGBM,5735.758980203415
27,2024-01-24,LightGBM,6323.935848264916
27,2024-01-25,LightGBM,6543.753484967803
27,2024-01-26,LightGBM,6202.8746468939435
27,2024-01-27,LightGBM,6257.044516966054
27,2024-01-28,LightGBM,6149.811735943956
27,2024-01-29,LightGBM,5585.18788930692
27,2024-01-30,LightGBM,8264.89471578059
27,2024-01-03,Ridge,5947.844755225618
27,2024-01-04,Ridge,5826.180766264739
27,2024-01-05,Ridge,7273.996754270527
27,2024-01-06,Ridge,6179.167601480351
27,2024-01-07,Ridge,5827.090006454793
27,2024-01-08,Ridge,6460.987779334497
27,2024-01-09,Ridge,5580.432353694392
27,2024-01-10,Ridge,5563.905189871717
27,2024-01-11,Ridge,6092.847059093898
27,2024-01-12,Ridge,5996.786137377247
27,2024-01-13,Ridge,6647.769408944121
27,2024-01-14,Ridge,5448.146952375706
27,2024-01-15,Ridge,5981.5331197236
27,2024-01-16,Ridge,5886.368644327253
27,2024-01-17,Ridge,5853.257971389625
27,2024-01-18,Ridge,6428.336187633048
27,2024-01-19,Ridge,5447.479890225666
27,2024-01-20,Ridge,7244.034054240953
27,2024-01-21,Ridge,5873.657541510322
27,2024-01-22,Ridge,6633.645150555055
27,2024-01-23,Ridge,5472.658660048022
27,2024-01-24,Ridge,6426.652069915734
27,2024-01-25,Ridge,6783.704865806461
27,2024-01-26,Ridge,6273.392634452452
27,2024-01-27,Ridge,6245.883060574829
27,2024-01-28,Ridge,6398.126865515345
27,2024-01-29,Ridge,5324.817643740505
27,2024-01-30,Ridge,8315.480885307472
27,2024-01-03,Ensemble zwykła średnia,5992.063419461682
27,2024-01-04,Ensemble zwykła średnia,5922.240219020336
27,2024-01-05,Ensemble zwykła średnia,7195.354804707748
27,2024-01-06,Ensemble zwykła średnia,6154.324379515233
27,2024-01-07,Ensemble zwykła średnia,5918.605590636911
27,2024-01-08,Ensemble zwykła średnia,6442.547860235347
27,2024-01-09,Ensemble zwykła średnia,5705.9759997316505
27,2024-01-10,Ensemble zwykła średnia,5666.030109151848
27,2024-01-11,Ensemble zwykła średnia,6168.865714300705
27,2024-01-12,Ensemble zwykła średnia,6018.827561017101
27,2024-01-13,Ensemble zwykła średnia,6585.156050028662
27,2024-01-14,Ensemble zwykła średnia,5525.377754680446
27,2024-01-15,Ensemble zwykła średnia,5973.720092608365
27,2024-01-16,Ensemble zwykła średnia,5987.45345909485
27,2024-01-17,Ensemble zwykła średnia,5906.394959060371
27,2024-01-18,Ensemble zwykła średnia,6417.700492592128
27,2024-01-19,Ensemble zwykła średnia,5590.371277655225
27,2024-01-20,Ensemble zwykła średnia,7208.768826718205
27,2024-01-21,Ensemble zwykła średnia,5957.559869694468
27,2024-01-22,Ensemble zwykła średnia,6603.379627879087
27,2024-01-23,Ensemble zwykła średnia,5581.752364991866
27,2024-01-24,Ensemble zwykła średnia,6422.679918323476
27,2024-01-25,Ensemble zwykła średnia,6725.12135593133
27,2024-01-26,Ensemble zwykła średnia,6270.264527248836
27,2024-01-27,Ensemble zwykła średnia,6280.616053226451
27,2024-01-28,Ensemble zwykła średnia,6333.116083310531
27,2024-01-29,Ensemble zwykła średnia,5421.306483793974
27,2024-01-30,Ensemble zwykła średnia,8310.712783782314
27,2024-01-03,Ensemble ważona średnia,5973.838526101177
27,2024-01-04,Ensemble ważona średnia,5868.443869829462
27,2024-01-05,Ensemble ważona średnia,7265.822644617842
27,2024-01-06,Ensemble ważona średnia,6180.818089618099
27,2024-01-07,Ensemble ważona średnia,5867.853563418965
27,2024-01-08,Ensemble ważona średnia,6468.219434086102
27,2024-01-09,Ensemble ważona średnia,5632.3761029446005
27,2024-01-10,Ensemble ważona średnia,5606.349231544376
27,2024-01-11,Ensemble ważona średnia,6130.078017777987
27,2024-01-12,Ensemble ważona średnia,6013.079550614257
27,2024-01-13,Ensemble ważona średnia,6640.511475507086
27,2024-01-14,Ensemble ważona średnia,5479.6669042955855
27,2024-01-15,Ensemble ważona średnia,5986.204986258319
27,2024-01-16,Ensemble ważona średnia,5932.683579083895
27,2024-01-17,Ensemble ważona średnia,5880.248830710234
27,2024-01-18,Ensemble ważona średnia,6436.187608183455
27,2024-01-19,Ensemble ważona średnia,5502.085165079235
27,2024-01-20,Ensemble ważona średnia,7246.748126030829
27,2024-01-21,Ensemble ważona średnia,5911.771231590657
27,2024-01-22,Ensemble ważona średnia,6636.544130698154
27,2024-01-23,Ensemble ważona średnia,5515.013890732596
27,2024-01-24,Ensemble ważona średnia,6439.0803894691635
27,2024-01-25,Ensemble ważona średnia,6775.759940525912
27,2024-01-26,Ensemble ważona średnia,6281.624252183516
27,2024-01-27,Ensemble ważona średnia,6270.258586604862
27,2024-01-28,Ensemble ważona średnia,6386.616048297444
27,2024-01-29,Ensemble ważona średnia,5358.128736945644
27,2024-01-30,Ensemble ważona średnia,8319.492734592635
28,2024-01-03,ARIMAX,6032.699232590549
28,2024-01-04,ARIMAX,5915.815884518365
28,2024-01-05,ARIMAX,7376.786589044856
28,2024-01-06,ARIMAX,6239.857299662244
28,2024-01-07,ARIMAX,5915.815884518365
28,2024-01-08,ARIMAX,6546.078649210163
28,2024-01-09,ARIMAX,5675.636723287929
28,2024-01-10,ARIMAX,5642.615629129187
28,2024-01-11,ARIMAX,6189.016139907543
28,2024-01-12,ARIMAX,6061.326045010934
28,2024-01-13,ARIMAX,6724.609903861474
28,2024-01-14,ARIMAX,5503.81836056542
28,2024-01-15,ARIMAX,6028.304950852192
28,2024-01-16,ARIMAX,5992.965246503008
28,2024-01-17,ARIMAX,5926.9230581855245
28,2024-01-18,ARIMAX,6501.950381384263
28,2024-01-19,ARIMAX,5525.732281057003
28,2024-01-20,ARIMAX,7332.658321218954
28,2024-01-21,ARIMAX,5959.944152344266
28,2024-01-22,ARIMAX,6713.5027301943155
28,2024-01-23,ARIMAX,5536.839454724161
28,2024-01-24,ARIMAX,6517.45183678978
28,2024-01-25,ARIMAX,6847.905717019725
28,2024-01-26,ARIMAX,6334.526300400112
28,2024-01-27,ARIMAX,6338.920582138469
28,2024-01-28,ARIMAX,6451.409648472296
28,2024-01-29,ARIMAX,5353.913918334494
28,2024-01-30,ARIMAX,4996.851409031872
28,2024-01-03,LightGBM,5995.646270568879
28,2024-01-04,LightGBM,6024.724006277903
28,2024-01-05,LightGBM,6935.2810708078605
28,2024-01-06,LightGBM,6043.9482374031
28,2024-01-07,LightGBM,6012.910880937574
28,2024-01-08,LightGBM,6320.5771521613815
28,2024-01-09,LightGBM,5861.858922212632
28,2024-01-10,LightGBM,5791.569508454638
28,2024-01-11,LightGBM,6224.7339439006755
28,2024-01-12,LightGBM,5998.370500663123
28,2024-01-13,LightGBM,6383.088837280392
28,2024-01-14,LightGBM,5624.167951100213
28,2024-01-15,LightGBM,5911.322207249303
28,2024-01-16,LightGBM,6083.02648645429
28,2024-01-17,LightGBM,5939.003847605964
28,2024-01-18,LightGBM,6322.814908759074
28,2024-01-19,LightGBM,5797.901661683008
28,2024-01-20,LightGBM,7049.614104694705
28,2024-01-21,LightGBM,6039.077915228816
28,2024-01-22,LightGBM,6462.99100288789
28,2024-01-23,LightGBM,5735.758980203415
28,2024-01-24,LightGBM,6323.935848264916
28,2024-01-25,LightGBM,6543.753484967803
28,2024-01-26,LightGBM,6202.8746468939435
28,2024-01-27,LightGBM,6257.044516966054
28,2024-01-28,LightGBM,6149.811735943956
28,2024-01-29,LightGBM,5585.18788930692
28,2024-01-30,LightGBM,5485.313036538041
28,2024-01-03,Ridge,5947.844755225618
28,2024-01-04,Ridge,5826.180766264739
28,2024-01-05,Ridge,7273.996754270527
28,2024-01-06,Ridge,6179.167601480351
28,2024-01-07,Ridge,5827.090006454793
28,2024-01-08,Ridge,6460.987779334497
28,2024-01-09,Ridge,5580.432353694392
28,2024-01-10,Ridge,5563.905189871717
28,2024-01-11,Ridge,6092.847059093898
28,2024-01-12,Ridge,5996.786137377247
28,2024-01-13,Ridge,6647.769408944121
28,2024-01-14,Ridge,5448.146952375706
28,2024-01-15,Ridge,5981.5331197236
28,2024-01-16,Ridge,5886.368644327253
28,2024-01-17,Ridge,5853.257971389625
28,2024-01-18,Ridge,6428.336187633048
28,2024-01-19,Ridge,5447.479890225666
28,2024-01-20,Ridge,7244.034054240953
28,2024-01-21,Ridge,5873.657541510322
28,2024-01-22,Ridge,6633.645150555055
28,2024-01-23,Ridge,5472.658660048022
28,2024-01-24,Ridge,6426.652069915734
28,2024-01-25,Ridge,6783.704865806461
28,2024-01-26,Ridge,6273.392634452452
28,2024-01-27,Ridge,6245.883060574829
28,2024-01-28,Ridge,6398.126865515345
28,2024-01-29,Ridge,5324.817643740505
28,2024-01-30,Ridge,4957.045028994076
28,2024-01-03,Ensemble zwykła średnia,5992.063419461682
28,2024-01-04,Ensemble zwykła średnia,5922.240219020336
28,2024-01-05,Ensemble zwykła średnia,7195.354804707748
28,2024-01-06,Ensemble zwykła średnia,6154.324379515233
28,2024-01-07,Ensemble zwykła średnia,5918.605590636911
28,2024-01-08,Ensemble zwykła średnia,6442.547860235347
28,2024-01-09,Ensemble zwykła średnia,5705.9759997316505
28,2024-01-10,Ensemble zwykła średnia,5666.030109151848
28,2024-01-11,Ensemble zwykła średnia,6168.865714300705
28,2024-01-12,Ensemble zwykła średnia,6018.827561017101
28,2024-01-13,Ensemble zwykła średnia,6585.156050028662
28,2024-01-14,Ensemble zwykła średnia,5525.377754680446
28,2024-01-15,Ensemble zwykła średnia,5973.720092608365
28,2024-01-16,Ensemble zwykła średnia,5987.45345909485
28,2024-01-17,Ensemble zwykła średnia,5906.394959060371
28,2024-01-18,Ensemble zwykła średnia,6417.700492592128
28,2024-01-19,Ensemble zwykła średnia,5590.371277655225
28,2024-01-20,Ensemble zwykła średnia,7208.768826718205
28,2024-01-21,Ensemble zwykła średnia,5957.559869694468
28,2024-01-22,Ensemble zwykła średnia,6603.379627879087
28,2024-01-23,Ensemble zwykła średnia,5581.752364991866
28,2024-01-24,Ensemble zwykła średnia,6422.679918323476
28,2024-01-25,Ensemble zwykła średnia,6725.12135593133
28,2024-01-26,Ensemble zwykła średnia,6270.264527248836
28,2024-01-27,Ensemble zwykła średnia,6280.616053226451
28,2024-01-28,Ensemble zwykła średnia,6333.116083310531
28,2024-01-29,Ensemble zwykła średnia,5421.306483793974
28,2024-01-30,Ensemble zwykła średnia,5146.403158187996
28,2024-01-03,Ensemble ważona średnia,5973.838526101177
28,2024-01-04,Ensemble ważona średnia,5868.443869829462
28,2024-01-05,Ensemble ważona średnia,7265.822644617842
28,2024-01-06,Ensemble ważona średnia,6180.818089618099
28,2024-01-07,Ensemble ważona średnia,5867.853563418965
28,2024-01-08,Ensemble ważona średnia,6468.219434086102
28,2024-01-09,Ensemble ważona średnia,5632.3761029446005
28,2024-01-10,Ensemble ważona średnia,5606.349231544376
28,2024-01-11,Ensemble ważona średnia,6130.078017777987
28,2024-01-12,Ensemble ważona średnia,6013.079550614257
28,2024-01-13,Ensemble ważona średnia,6640.511475507086
28,2024-01-14,Ensemble ważona średnia,5479.6669042955855
28,2024-01-15,Ensemble ważona średnia,5986.204986258319
28,2024-01-16,Ensemble ważona średnia,5932.683579083895
28,2024-01-17,Ensemble ważona średnia,5880.248830710234
28,2024-01-18,Ensemble ważona średnia,6436.187608183455
28,2024-01-19,Ensemble ważona średnia,5502.085165079235
28,2024-01-20,Ensemble ważona średnia,7246.748126030829
28,2024-01-21,Ensemble ważona średnia,5911.771231590657
28,2024-01-22,Ensemble ważona średnia,6636.544130698154
28,2024-01-23,Ensemble ważona średnia,5515.013890732596
28,2024-01-24,Ensemble ważona średnia,6439.0803894691635
28,2024-01-25,Ensemble ważona średnia,6775.759940525912
28,2024-01-26,Ensemble ważona średnia,6281.624252183516
28,2024-01-27,Ensemble ważona średnia,6270.258586604862
28,2024-01-28,Ensemble ważona średnia,6386.616048297444
28,2024-01-29,Ensemble ważona średnia,5358.128736945644
28,2024-01-30,Ensemble ważona średnia,5019.823424757922
